trade_date,st_code,strategy,closePrice,pct_chg,vol,prev_vol,vol_ratio
20260828,000912.SZ,放量涨幅,4.36,10.1,1128570.0,330970.0,3.41
20260828,002742.SZ,放量涨幅,6.24,10.05,2199020.0,99511.0,22.1
20260828,002915.SZ,放量涨幅,18.87,10.03,272037.0,63412.0,4.29
20260828,001288.SZ,放量涨幅,28.46,10.01,167697.0,27738.6,6.05
20260828,000062.SZ,放量涨幅,24.85,10.0,609597.0,164872.0,3.7
20260828,002679.SZ,放量涨幅,10.67,10.0,130153.0,35414.8,3.68
20260828,002855.SZ,放量涨幅,14.64,9.99,51251.0,14171.0,3.62
20260828,002942.SZ,放量涨幅,20.91,9.99,255169.0,22595.3,11.29
20260828,000565.SZ,放量涨幅,6.62,9.97,231899.0,70159.0,3.31
20260828,001376.SZ,放量涨幅,11.58,9.97,222902.0,60419.0,3.69
20260828,300237.SZ,放量涨幅,2.21,9.95,507017.0,75642.0,6.7
20260828,300170.SZ,放量涨幅,16.64,8.76,1404540.0,320749.0,4.38
20260828,300582.SZ,放量涨幅,12.01,7.62,184664.0,56567.0,3.26
20260828,000909.SZ,放量涨幅,4.49,7.16,66014.5,19013.0,3.47
20260828,002155.SZ,放量涨幅,28.92,7.03,1872940.0,141981.0,13.19
20260828,300637.SZ,放量涨幅,9.76,6.2,118371.0,33888.5,3.49
20260828,300378.SZ,跳空缺口,37.45,19.99,139684.0,76734.0,1.82
20260828,300319.SZ,跳空缺口,20.91,10.11,2045510.0,1389670.0,1.47
20260828,000059.SZ,跳空缺口,5.57,10.08,980896.0,534152.0,1.84
20260828,002084.SZ,跳空缺口,5.8,10.06,67244.9,52454.8,1.28
20260828,002396.SZ,跳空缺口,36.69,10.02,1148070.0,1023620.0,1.12
20260828,002631.SZ,跳空缺口,10.1,10.02,961703.0,347088.0,2.77
20260828,000560.SZ,跳空缺口,2.64,10.0,2487040.0,1612540.0,1.54
20260828,002212.SZ,跳空缺口,6.93,10.0,1097470.0,400088.0,2.74
20260828,002886.SZ,跳空缺口,26.4,10.0,42445.0,328531.0,0.13
20260828,000017.SZ,跳空缺口,11.45,9.99,1105710.0,595729.0,1.86
20260828,002855.SZ,跳空缺口,14.64,9.99,51251.0,14171.0,3.62
20260828,002279.SZ,跳空缺口,7.05,9.98,465031.0,159394.0,2.92
20260828,000712.SZ,跳空缺口,11.8,9.97,151564.0,147304.0,1.03
20260828,002354.SZ,跳空缺口,7.85,9.94,915562.0,1616290.0,0.57
20260828,002528.SZ,跳空缺口,6.65,9.02,476919.0,270907.0,1.76
20260828,300456.SZ,跳空缺口,40.4,9.01,1252810.0,819908.0,1.53
20260828,300170.SZ,跳空缺口,16.64,8.76,1404540.0,320749.0,4.38
20260828,002155.SZ,跳空缺口,28.92,7.03,1872940.0,141981.0,13.19
20260828,300094.SZ,跳空缺口,3.19,6.33,1143080.0,503281.0,2.27
20260828,002430.SZ,跳空缺口,26.11,5.92,458563.0,261599.0,1.75
20260828,002636.SZ,跳空缺口,73.18,5.43,952122.0,518534.0,1.84
20260828,300598.SZ,跳空缺口,33.59,4.87,231285.0,100506.0,2.3
20260828,300475.SZ,跳空缺口,172.1,4.09,428240.0,293733.0,1.46
20260828,000878.SZ,跳空缺口,17.85,4.08,1082060.0,599973.0,1.8
20260828,300454.SZ,跳空缺口,124.89,4.08,318614.0,164161.0,1.94
20260828,002573.SZ,跳空缺口,3.35,4.04,380155.0,124510.0,3.05
20260828,002466.SZ,跳空缺口,50.1,3.88,900296.0,339307.0,2.65
20260828,300369.SZ,跳空缺口,7.23,3.73,777839.0,387242.0,2.01
20260828,300516.SZ,跳空缺口,32.9,3.2,103419.0,42693.4,2.42
20260828,300441.SZ,跳空缺口,7.0,3.09,101952.0,39155.0,2.6
20260828,000928.SZ,跳空缺口,5.31,2.91,301238.0,137546.0,2.19
20260828,300659.SZ,跳空缺口,10.58,2.62,50311.6,25379.0,1.98
20260828,002961.SZ,跳空缺口,20.56,2.54,228102.0,150672.0,1.51
20260828,000636.SZ,跳空缺口,55.45,2.48,1624630.0,1272110.0,1.28
20260828,002467.SZ,跳空缺口,4.68,2.18,417924.0,204657.0,2.04
20260828,000807.SZ,跳空缺口,27.23,2.02,907383.0,637116.0,1.42
20260828,002474.SZ,跳空缺口,6.34,1.93,314332.0,106238.0,2.96
20260828,000513.SZ,跳空缺口,26.76,1.87,93078.0,66704.8,1.4
20260828,002439.SZ,跳空缺口,13.67,1.86,354268.0,109094.0,3.25
20260828,002190.SZ,跳空缺口,25.99,1.84,294516.0,224982.0,1.31
20260828,300634.SZ,跳空缺口,19.55,1.82,130606.0,61773.5,2.11
20260828,002232.SZ,跳空缺口,14.45,1.69,53079.6,25458.0,2.08
20260828,002058.SZ,跳空缺口,17.03,1.49,49153.0,26224.2,1.87
20260828,300008.SZ,跳空缺口,6.29,1.13,437220.0,307271.0,1.42
20260828,002516.SZ,跳空缺口,5.44,1.12,138836.0,88528.0,1.57
20260828,002912.SZ,跳空缺口,19.31,1.05,33030.2,21324.0,1.55
20260828,300662.SZ,跳空缺口,20.21,0.85,57593.0,24646.0,2.34
20260828,002230.SZ,跳空缺口,40.06,0.73,301924.0,228996.0,1.32
20260828,300624.SZ,跳空缺口,47.22,0.7,115668.0,57089.6,2.03
20260828,300002.SZ,跳空缺口,8.03,0.63,287822.0,251185.0,1.15
20260828,002649.SZ,跳空缺口,9.82,0.51,259990.0,175585.0,1.48
20260828,300113.SZ,跳空缺口,16.28,0.43,223775.0,137216.0,1.63
20260828,300263.SZ,跳空缺口,10.62,0.38,539422.0,468261.0,1.15
20260828,002855.SZ,跳空放量涨幅,14.64,9.99,51251.0,14171.0,3.62
20260828,300170.SZ,跳空放量涨幅,16.64,8.76,1404540.0,320749.0,4.38
20260828,002155.SZ,跳空放量涨幅,28.92,7.03,1872940.0,141981.0,13.19
20260828,001360.SZ,30day-smooth-up-30pct,19.15,2.5161,64485.0,68567.0,0.94
20260828,300192.SZ,30day-smooth-up-30pct,17.38,1.9355,256994.0,280503.0,0.92
20260828,002578.SZ,30day-smooth-up-30pct,4.33,9.8985,631590.0,258239.0,2.45
20260828,002209.SZ,30day-smooth-up-30pct,13.31,1.7584,91615.0,92857.0,0.99
20260828,300154.SZ,30day-smooth-up-30pct,12.15,0.2475,192121.0,183292.0,1.05
20260828,002486.SZ,30day-smooth-up-30pct,2.95,10.0746,769806.0,287942.0,2.67
20260828,002678.SZ,30day-smooth-up-30pct,5.15,0.9804,117844.0,153963.0,0.77
20260828,000626.SZ,30day-smooth-up-30pct,9.41,10.0585,296250.0,157577.0,1.88
20260828,300268.SZ,30day-smooth-up-30pct,13.82,2.7509,49414.8,42814.0,1.15
20260828,002849.SZ,30day-smooth-up-30pct,18.73,1.7935,62111.0,66118.5,0.94
20260828,000509.SZ,30day-smooth-up-30pct,3.53,0.2841,176428.0,231167.0,0.76
20260828,300328.SZ,30day-smooth-up-30pct,17.79,3.3701,621759.0,660174.0,0.94
20260828,002800.SZ,30day-smooth-up-30pct,15.21,4.1068,54812.7,45471.0,1.21
20260828,000586.SZ,30day-smooth-up-30pct,13.77,-4.4414,245793.0,104617.0,2.35
20260828,000911.SZ,30day-smooth-up-30pct,5.34,2.2989,115924.0,111871.0,1.04
20260828,002357.SZ,30day-smooth-up-30pct,11.11,0.7253,79404.0,84967.6,0.93
20260828,002679.SZ,30day-smooth-up-30pct,10.67,10.0,130153.0,35414.8,3.68
20260828,000925.SZ,30day-smooth-up-30pct,9.38,9.9648,831967.0,619507.0,1.34
20260828,002716.SZ,30day-smooth-up-30pct,11.65,0.431,4008090.0,4550860.0,0.88
20260828,000757.SZ,30day-smooth-up-30pct,4.52,-0.8772,62244.0,76071.0,0.82
20260828,002455.SZ,30day-smooth-up-30pct,7.93,1.928,542059.0,600881.0,0.9
20260828,000007.SZ,30day-smooth-up-30pct,12.6,-1.1765,64704.0,105005.0,0.62
20260828,003023.SZ,30day-smooth-up-30pct,27.39,0.4032,17848.5,20591.3,0.87
20260828,002193.SZ,30day-smooth-up-30pct,5.38,10.0204,122546.0,42502.0,2.88
20260828,300025.SZ,30day-smooth-up-30pct,5.4,-0.1848,85538.7,115641.0,0.74
20260828,300227.SZ,30day-smooth-up-30pct,13.09,0.4605,366999.0,424584.0,0.86
20260828,000610.SZ,30day-smooth-up-30pct,6.83,2.8614,109399.0,94743.0,1.15
20260828,000949.SZ,30day-smooth-up-30pct,7.38,2.0747,559798.0,418282.0,1.34
20260828,300163.SZ,30day-smooth-up-30pct,7.56,-0.1321,768225.0,921691.0,0.83
20260828,000975.SZ,30day-smooth-up-30pct,27.31,-0.3285,424898.0,580985.0,0.73
20260828,300538.SZ,30day-smooth-up-30pct,16.18,3.123,72590.0,47969.7,1.51
20260828,000798.SZ,30day-smooth-up-30pct,10.12,10.0,319789.0,162508.0,1.97
20260828,000782.SZ,30day-smooth-up-30pct,8.0,0.1252,250055.0,146586.0,1.71
20260828,300120.SZ,30day-smooth-up-30pct,9.43,-1.3598,703630.0,656337.0,1.07
20260828,002795.SZ,30day-smooth-up-30pct,7.29,1.1096,123062.0,97874.0,1.26
20260828,002539.SZ,30day-smooth-up-30pct,13.82,3.2114,233979.0,228523.0,1.02
20260828,300234.SZ,30day-smooth-up-30pct,10.12,-0.6869,116000.0,145715.0,0.8
20260828,002870.SZ,30day-smooth-up-30pct,49.89,2.9721,60351.0,37076.9,1.63
20260828,002161.SZ,30day-smooth-up-30pct,6.85,7.3668,436875.0,278961.0,1.57
20260828,002631.SZ,30day-smooth-up-30pct,10.1,10.0218,961703.0,347088.0,2.77
20260828,300585.SZ,30day-smooth-up-30pct,17.12,0.2342,68565.1,100294.0,0.68
20260828,000912.SZ,放量涨幅,4.36,10.1,1128570.0,330970.0,3.41
20260828,002742.SZ,放量涨幅,6.24,10.05,2199020.0,99511.0,22.1
20260828,002915.SZ,放量涨幅,18.87,10.03,272037.0,63412.0,4.29
20260828,001288.SZ,放量涨幅,28.46,10.01,167697.0,27738.6,6.05
20260828,000062.SZ,放量涨幅,24.85,10.0,609597.0,164872.0,3.7
20260828,002679.SZ,放量涨幅,10.67,10.0,130153.0,35414.8,3.68
20260828,002855.SZ,放量涨幅,14.64,9.99,51251.0,14171.0,3.62
20260828,002942.SZ,放量涨幅,20.91,9.99,255169.0,22595.3,11.29
20260828,000565.SZ,放量涨幅,6.62,9.97,231899.0,70159.0,3.31
20260828,001376.SZ,放量涨幅,11.58,9.97,222902.0,60419.0,3.69
20260828,300237.SZ,放量涨幅,2.21,9.95,507017.0,75642.0,6.7
20260828,300170.SZ,放量涨幅,16.64,8.76,1404540.0,320749.0,4.38
20260828,300582.SZ,放量涨幅,12.01,7.62,184664.0,56567.0,3.26
20260828,000909.SZ,放量涨幅,4.49,7.16,66014.5,19013.0,3.47
20260828,002155.SZ,放量涨幅,28.92,7.03,1872940.0,141981.0,13.19
20260828,300637.SZ,放量涨幅,9.76,6.2,118371.0,33888.5,3.49
20260828,300378.SZ,跳空缺口,37.45,19.99,139684.0,76734.0,1.82
20260828,300319.SZ,跳空缺口,20.91,10.11,2045510.0,1389670.0,1.47
20260828,000059.SZ,跳空缺口,5.57,10.08,980896.0,534152.0,1.84
20260828,002084.SZ,跳空缺口,5.8,10.06,67244.9,52454.8,1.28
20260828,002396.SZ,跳空缺口,36.69,10.02,1148070.0,1023620.0,1.12
20260828,002631.SZ,跳空缺口,10.1,10.02,961703.0,347088.0,2.77
20260828,000560.SZ,跳空缺口,2.64,10.0,2487040.0,1612540.0,1.54
20260828,002212.SZ,跳空缺口,6.93,10.0,1097470.0,400088.0,2.74
20260828,002886.SZ,跳空缺口,26.4,10.0,42445.0,328531.0,0.13
20260828,000017.SZ,跳空缺口,11.45,9.99,1105710.0,595729.0,1.86
20260828,002855.SZ,跳空缺口,14.64,9.99,51251.0,14171.0,3.62
20260828,002279.SZ,跳空缺口,7.05,9.98,465031.0,159394.0,2.92
20260828,000712.SZ,跳空缺口,11.8,9.97,151564.0,147304.0,1.03
20260828,002354.SZ,跳空缺口,7.85,9.94,915562.0,1616290.0,0.57
20260828,002528.SZ,跳空缺口,6.65,9.02,476919.0,270907.0,1.76
20260828,300456.SZ,跳空缺口,40.4,9.01,1252810.0,819908.0,1.53
20260828,300170.SZ,跳空缺口,16.64,8.76,1404540.0,320749.0,4.38
20260828,002155.SZ,跳空缺口,28.92,7.03,1872940.0,141981.0,13.19
20260828,300094.SZ,跳空缺口,3.19,6.33,1143080.0,503281.0,2.27
20260828,002430.SZ,跳空缺口,26.11,5.92,458563.0,261599.0,1.75
20260828,002636.SZ,跳空缺口,73.18,5.43,952122.0,518534.0,1.84
20260828,300598.SZ,跳空缺口,33.59,4.87,231285.0,100506.0,2.3
20260828,300475.SZ,跳空缺口,172.1,4.09,428240.0,293733.0,1.46
20260828,000878.SZ,跳空缺口,17.85,4.08,1082060.0,599973.0,1.8
20260828,300454.SZ,跳空缺口,124.89,4.08,318614.0,164161.0,1.94
20260828,002573.SZ,跳空缺口,3.35,4.04,380155.0,124510.0,3.05
20260828,002466.SZ,跳空缺口,50.1,3.88,900296.0,339307.0,2.65
20260828,300369.SZ,跳空缺口,7.23,3.73,777839.0,387242.0,2.01
20260828,300516.SZ,跳空缺口,32.9,3.2,103419.0,42693.4,2.42
20260828,300441.SZ,跳空缺口,7.0,3.09,101952.0,39155.0,2.6
20260828,000928.SZ,跳空缺口,5.31,2.91,301238.0,137546.0,2.19
20260828,300659.SZ,跳空缺口,10.58,2.62,50311.6,25379.0,1.98
20260828,002961.SZ,跳空缺口,20.56,2.54,228102.0,150672.0,1.51
20260828,000636.SZ,跳空缺口,55.45,2.48,1624630.0,1272110.0,1.28
20260828,002467.SZ,跳空缺口,4.68,2.18,417924.0,204657.0,2.04
20260828,000807.SZ,跳空缺口,27.23,2.02,907383.0,637116.0,1.42
20260828,002474.SZ,跳空缺口,6.34,1.93,314332.0,106238.0,2.96
20260828,000513.SZ,跳空缺口,26.76,1.87,93078.0,66704.8,1.4
20260828,002439.SZ,跳空缺口,13.67,1.86,354268.0,109094.0,3.25
20260828,002190.SZ,跳空缺口,25.99,1.84,294516.0,224982.0,1.31
20260828,300634.SZ,跳空缺口,19.55,1.82,130606.0,61773.5,2.11
20260828,002232.SZ,跳空缺口,14.45,1.69,53079.6,25458.0,2.08
20260828,002058.SZ,跳空缺口,17.03,1.49,49153.0,26224.2,1.87
20260828,300008.SZ,跳空缺口,6.29,1.13,437220.0,307271.0,1.42
20260828,002516.SZ,跳空缺口,5.44,1.12,138836.0,88528.0,1.57
20260828,002912.SZ,跳空缺口,19.31,1.05,33030.2,21324.0,1.55
20260828,300662.SZ,跳空缺口,20.21,0.85,57593.0,24646.0,2.34
20260828,002230.SZ,跳空缺口,40.06,0.73,301924.0,228996.0,1.32
20260828,300624.SZ,跳空缺口,47.22,0.7,115668.0,57089.6,2.03
20260828,300002.SZ,跳空缺口,8.03,0.63,287822.0,251185.0,1.15
20260828,002649.SZ,跳空缺口,9.82,0.51,259990.0,175585.0,1.48
20260828,300113.SZ,跳空缺口,16.28,0.43,223775.0,137216.0,1.63
20260828,300263.SZ,跳空缺口,10.62,0.38,539422.0,468261.0,1.15
20260828,002855.SZ,跳空放量涨幅,14.64,9.99,51251.0,14171.0,3.62
20260828,300170.SZ,跳空放量涨幅,16.64,8.76,1404540.0,320749.0,4.38
20260828,002155.SZ,跳空放量涨幅,28.92,7.03,1872940.0,141981.0,13.19
20260828,001360.SZ,30day-smooth-up-30pct,19.15,2.5161,64485.0,68567.0,0.94
20260828,300192.SZ,30day-smooth-up-30pct,17.38,1.9355,256994.0,280503.0,0.92
20260828,002578.SZ,30day-smooth-up-30pct,4.33,9.8985,631590.0,258239.0,2.45
20260828,002209.SZ,30day-smooth-up-30pct,13.31,1.7584,91615.0,92857.0,0.99
20260828,300154.SZ,30day-smooth-up-30pct,12.15,0.2475,192121.0,183292.0,1.05
20260828,002486.SZ,30day-smooth-up-30pct,2.95,10.0746,769806.0,287942.0,2.67
20260828,002678.SZ,30day-smooth-up-30pct,5.15,0.9804,117844.0,153963.0,0.77
20260828,000626.SZ,30day-smooth-up-30pct,9.41,10.0585,296250.0,157577.0,1.88
20260828,300268.SZ,30day-smooth-up-30pct,13.82,2.7509,49414.8,42814.0,1.15
20260828,002849.SZ,30day-smooth-up-30pct,18.73,1.7935,62111.0,66118.5,0.94
20260828,000509.SZ,30day-smooth-up-30pct,3.53,0.2841,176428.0,231167.0,0.76
20260828,300328.SZ,30day-smooth-up-30pct,17.79,3.3701,621759.0,660174.0,0.94
20260828,002800.SZ,30day-smooth-up-30pct,15.21,4.1068,54812.7,45471.0,1.21
20260828,000586.SZ,30day-smooth-up-30pct,13.77,-4.4414,245793.0,104617.0,2.35
20260828,000911.SZ,30day-smooth-up-30pct,5.34,2.2989,115924.0,111871.0,1.04
20260828,002357.SZ,30day-smooth-up-30pct,11.11,0.7253,79404.0,84967.6,0.93
20260828,002679.SZ,30day-smooth-up-30pct,10.67,10.0,130153.0,35414.8,3.68
20260828,000925.SZ,30day-smooth-up-30pct,9.38,9.9648,831967.0,619507.0,1.34
20260828,002716.SZ,30day-smooth-up-30pct,11.65,0.431,4008090.0,4550860.0,0.88
20260828,000757.SZ,30day-smooth-up-30pct,4.52,-0.8772,62244.0,76071.0,0.82
20260828,002455.SZ,30day-smooth-up-30pct,7.93,1.928,542059.0,600881.0,0.9
20260828,000007.SZ,30day-smooth-up-30pct,12.6,-1.1765,64704.0,105005.0,0.62
20260828,003023.SZ,30day-smooth-up-30pct,27.39,0.4032,17848.5,20591.3,0.87
20260828,002193.SZ,30day-smooth-up-30pct,5.38,10.0204,122546.0,42502.0,2.88
20260828,300025.SZ,30day-smooth-up-30pct,5.4,-0.1848,85538.7,115641.0,0.74
20260828,300227.SZ,30day-smooth-up-30pct,13.09,0.4605,366999.0,424584.0,0.86
20260828,000610.SZ,30day-smooth-up-30pct,6.83,2.8614,109399.0,94743.0,1.15
20260828,000949.SZ,30day-smooth-up-30pct,7.38,2.0747,559798.0,418282.0,1.34
20260828,300163.SZ,30day-smooth-up-30pct,7.56,-0.1321,768225.0,921691.0,0.83
20260828,000975.SZ,30day-smooth-up-30pct,27.31,-0.3285,424898.0,580985.0,0.73
20260828,300538.SZ,30day-smooth-up-30pct,16.18,3.123,72590.0,47969.7,1.51
20260828,000798.SZ,30day-smooth-up-30pct,10.12,10.0,319789.0,162508.0,1.97
20260828,000782.SZ,30day-smooth-up-30pct,8.0,0.1252,250055.0,146586.0,1.71
20260828,300120.SZ,30day-smooth-up-30pct,9.43,-1.3598,703630.0,656337.0,1.07
20260828,002795.SZ,30day-smooth-up-30pct,7.29,1.1096,123062.0,97874.0,1.26
20260828,002539.SZ,30day-smooth-up-30pct,13.82,3.2114,233979.0,228523.0,1.02
20260828,300234.SZ,30day-smooth-up-30pct,10.12,-0.6869,116000.0,145715.0,0.8
20260828,002870.SZ,30day-smooth-up-30pct,49.89,2.9721,60351.0,37076.9,1.63
20260828,002161.SZ,30day-smooth-up-30pct,6.85,7.3668,436875.0,278961.0,1.57
20260828,002631.SZ,30day-smooth-up-30pct,10.1,10.0218,961703.0,347088.0,2.77
20260828,300585.SZ,30day-smooth-up-30pct,17.12,0.2342,68565.1,100294.0,0.68
20260828,000912.SZ,放量涨幅,4.36,10.1,1128570.0,330970.0,3.41
20260828,002742.SZ,放量涨幅,6.24,10.05,2199020.0,99511.0,22.1
20260828,002915.SZ,放量涨幅,18.87,10.03,272037.0,63412.0,4.29
20260828,001288.SZ,放量涨幅,28.46,10.01,167697.0,27738.6,6.05
20260828,000062.SZ,放量涨幅,24.85,10.0,609597.0,164872.0,3.7
20260828,002679.SZ,放量涨幅,10.67,10.0,130153.0,35414.8,3.68
20260828,002855.SZ,放量涨幅,14.64,9.99,51251.0,14171.0,3.62
20260828,002942.SZ,放量涨幅,20.91,9.99,255169.0,22595.3,11.29
20260828,000565.SZ,放量涨幅,6.62,9.97,231899.0,70159.0,3.31
20260828,001376.SZ,放量涨幅,11.58,9.97,222902.0,60419.0,3.69
20260828,300237.SZ,放量涨幅,2.21,9.95,507017.0,75642.0,6.7
20260828,300170.SZ,放量涨幅,16.64,8.76,1404540.0,320749.0,4.38
20260828,300582.SZ,放量涨幅,12.01,7.62,184664.0,56567.0,3.26
20260828,000909.SZ,放量涨幅,4.49,7.16,66014.5,19013.0,3.47
20260828,002155.SZ,放量涨幅,28.92,7.03,1872940.0,141981.0,13.19
20260828,300637.SZ,放量涨幅,9.76,6.2,118371.0,33888.5,3.49
20260828,300378.SZ,跳空缺口,37.45,19.99,139684.0,76734.0,1.82
20260828,300319.SZ,跳空缺口,20.91,10.11,2045510.0,1389670.0,1.47
20260828,000059.SZ,跳空缺口,5.57,10.08,980896.0,534152.0,1.84
20260828,002084.SZ,跳空缺口,5.8,10.06,67244.9,52454.8,1.28
20260828,002396.SZ,跳空缺口,36.69,10.02,1148070.0,1023620.0,1.12
20260828,002631.SZ,跳空缺口,10.1,10.02,961703.0,347088.0,2.77
20260828,000560.SZ,跳空缺口,2.64,10.0,2487040.0,1612540.0,1.54
20260828,002212.SZ,跳空缺口,6.93,10.0,1097470.0,400088.0,2.74
20260828,002886.SZ,跳空缺口,26.4,10.0,42445.0,328531.0,0.13
20260828,000017.SZ,跳空缺口,11.45,9.99,1105710.0,595729.0,1.86
20260828,002855.SZ,跳空缺口,14.64,9.99,51251.0,14171.0,3.62
20260828,002279.SZ,跳空缺口,7.05,9.98,465031.0,159394.0,2.92
20260828,000712.SZ,跳空缺口,11.8,9.97,151564.0,147304.0,1.03
20260828,002354.SZ,跳空缺口,7.85,9.94,915562.0,1616290.0,0.57
20260828,002528.SZ,跳空缺口,6.65,9.02,476919.0,270907.0,1.76
20260828,300456.SZ,跳空缺口,40.4,9.01,1252810.0,819908.0,1.53
20260828,300170.SZ,跳空缺口,16.64,8.76,1404540.0,320749.0,4.38
20260828,002155.SZ,跳空缺口,28.92,7.03,1872940.0,141981.0,13.19
20260828,300094.SZ,跳空缺口,3.19,6.33,1143080.0,503281.0,2.27
20260828,002430.SZ,跳空缺口,26.11,5.92,458563.0,261599.0,1.75
20260828,002636.SZ,跳空缺口,73.18,5.43,952122.0,518534.0,1.84
20260828,300598.SZ,跳空缺口,33.59,4.87,231285.0,100506.0,2.3
20260828,300475.SZ,跳空缺口,172.1,4.09,428240.0,293733.0,1.46
20260828,000878.SZ,跳空缺口,17.85,4.08,1082060.0,599973.0,1.8
20260828,300454.SZ,跳空缺口,124.89,4.08,318614.0,164161.0,1.94
20260828,002573.SZ,跳空缺口,3.35,4.04,380155.0,124510.0,3.05
20260828,002466.SZ,跳空缺口,50.1,3.88,900296.0,339307.0,2.65
20260828,300369.SZ,跳空缺口,7.23,3.73,777839.0,387242.0,2.01
20260828,300516.SZ,跳空缺口,32.9,3.2,103419.0,42693.4,2.42
20260828,300441.SZ,跳空缺口,7.0,3.09,101952.0,39155.0,2.6
20260828,000928.SZ,跳空缺口,5.31,2.91,301238.0,137546.0,2.19
20260828,300659.SZ,跳空缺口,10.58,2.62,50311.6,25379.0,1.98
20260828,002961.SZ,跳空缺口,20.56,2.54,228102.0,150672.0,1.51
20260828,000636.SZ,跳空缺口,55.45,2.48,1624630.0,1272110.0,1.28
20260828,002467.SZ,跳空缺口,4.68,2.18,417924.0,204657.0,2.04
20260828,000807.SZ,跳空缺口,27.23,2.02,907383.0,637116.0,1.42
20260828,002474.SZ,跳空缺口,6.34,1.93,314332.0,106238.0,2.96
20260828,000513.SZ,跳空缺口,26.76,1.87,93078.0,66704.8,1.4
20260828,002439.SZ,跳空缺口,13.67,1.86,354268.0,109094.0,3.25
20260828,002190.SZ,跳空缺口,25.99,1.84,294516.0,224982.0,1.31
20260828,300634.SZ,跳空缺口,19.55,1.82,130606.0,61773.5,2.11
20260828,002232.SZ,跳空缺口,14.45,1.69,53079.6,25458.0,2.08
20260828,002058.SZ,跳空缺口,17.03,1.49,49153.0,26224.2,1.87
20260828,300008.SZ,跳空缺口,6.29,1.13,437220.0,307271.0,1.42
20260828,002516.SZ,跳空缺口,5.44,1.12,138836.0,88528.0,1.57
20260828,002912.SZ,跳空缺口,19.31,1.05,33030.2,21324.0,1.55
20260828,300662.SZ,跳空缺口,20.21,0.85,57593.0,24646.0,2.34
20260828,002230.SZ,跳空缺口,40.06,0.73,301924.0,228996.0,1.32
20260828,300624.SZ,跳空缺口,47.22,0.7,115668.0,57089.6,2.03
20260828,300002.SZ,跳空缺口,8.03,0.63,287822.0,251185.0,1.15
20260828,002649.SZ,跳空缺口,9.82,0.51,259990.0,175585.0,1.48
20260828,300113.SZ,跳空缺口,16.28,0.43,223775.0,137216.0,1.63
20260828,300263.SZ,跳空缺口,10.62,0.38,539422.0,468261.0,1.15
20260828,002855.SZ,跳空放量涨幅,14.64,9.99,51251.0,14171.0,3.62
20260828,300170.SZ,跳空放量涨幅,16.64,8.76,1404540.0,320749.0,4.38
20260828,002155.SZ,跳空放量涨幅,28.92,7.03,1872940.0,141981.0,13.19
20260828,000912.SZ,放量涨幅,4.36,10.1,1128570.0,330970.0,3.41
20260828,002742.SZ,放量涨幅,6.24,10.05,2199020.0,99511.0,22.1
20260828,002915.SZ,放量涨幅,18.87,10.03,272037.0,63412.0,4.29
20260828,001288.SZ,放量涨幅,28.46,10.01,167697.0,27738.6,6.05
20260828,000062.SZ,放量涨幅,24.85,10.0,609597.0,164872.0,3.7
20260828,002679.SZ,放量涨幅,10.67,10.0,130153.0,35414.8,3.68
20260828,002855.SZ,放量涨幅,14.64,9.99,51251.0,14171.0,3.62
20260828,002942.SZ,放量涨幅,20.91,9.99,255169.0,22595.3,11.29
20260828,000565.SZ,放量涨幅,6.62,9.97,231899.0,70159.0,3.31
20260828,001376.SZ,放量涨幅,11.58,9.97,222902.0,60419.0,3.69
20260828,300237.SZ,放量涨幅,2.21,9.95,507017.0,75642.0,6.7
20260828,300170.SZ,放量涨幅,16.64,8.76,1404540.0,320749.0,4.38
20260828,300582.SZ,放量涨幅,12.01,7.62,184664.0,56567.0,3.26
20260828,000909.SZ,放量涨幅,4.49,7.16,66014.5,19013.0,3.47
20260828,002155.SZ,放量涨幅,28.92,7.03,1872940.0,141981.0,13.19
20260828,300637.SZ,放量涨幅,9.76,6.2,118371.0,33888.5,3.49
20260828,300378.SZ,跳空缺口,37.45,19.99,139684.0,76734.0,1.82
20260828,300319.SZ,跳空缺口,20.91,10.11,2045510.0,1389670.0,1.47
20260828,000059.SZ,跳空缺口,5.57,10.08,980896.0,534152.0,1.84
20260828,002084.SZ,跳空缺口,5.8,10.06,67244.9,52454.8,1.28
20260828,002396.SZ,跳空缺口,36.69,10.02,1148070.0,1023620.0,1.12
20260828,002631.SZ,跳空缺口,10.1,10.02,961703.0,347088.0,2.77
20260828,000560.SZ,跳空缺口,2.64,10.0,2487040.0,1612540.0,1.54
20260828,002212.SZ,跳空缺口,6.93,10.0,1097470.0,400088.0,2.74
20260828,002886.SZ,跳空缺口,26.4,10.0,42445.0,328531.0,0.13
20260828,000017.SZ,跳空缺口,11.45,9.99,1105710.0,595729.0,1.86
20260828,002855.SZ,跳空缺口,14.64,9.99,51251.0,14171.0,3.62
20260828,002279.SZ,跳空缺口,7.05,9.98,465031.0,159394.0,2.92
20260828,000712.SZ,跳空缺口,11.8,9.97,151564.0,147304.0,1.03
20260828,002354.SZ,跳空缺口,7.85,9.94,915562.0,1616290.0,0.57
20260828,002528.SZ,跳空缺口,6.65,9.02,476919.0,270907.0,1.76
20260828,300456.SZ,跳空缺口,40.4,9.01,1252810.0,819908.0,1.53
20260828,300170.SZ,跳空缺口,16.64,8.76,1404540.0,320749.0,4.38
20260828,002155.SZ,跳空缺口,28.92,7.03,1872940.0,141981.0,13.19
20260828,300094.SZ,跳空缺口,3.19,6.33,1143080.0,503281.0,2.27
20260828,002430.SZ,跳空缺口,26.11,5.92,458563.0,261599.0,1.75
20260828,002636.SZ,跳空缺口,73.18,5.43,952122.0,518534.0,1.84
20260828,300598.SZ,跳空缺口,33.59,4.87,231285.0,100506.0,2.3
20260828,300475.SZ,跳空缺口,172.1,4.09,428240.0,293733.0,1.46
20260828,000878.SZ,跳空缺口,17.85,4.08,1082060.0,599973.0,1.8
20260828,300454.SZ,跳空缺口,124.89,4.08,318614.0,164161.0,1.94
20260828,002573.SZ,跳空缺口,3.35,4.04,380155.0,124510.0,3.05
20260828,002466.SZ,跳空缺口,50.1,3.88,900296.0,339307.0,2.65
20260828,300369.SZ,跳空缺口,7.23,3.73,777839.0,387242.0,2.01
20260828,300516.SZ,跳空缺口,32.9,3.2,103419.0,42693.4,2.42
20260828,300441.SZ,跳空缺口,7.0,3.09,101952.0,39155.0,2.6
20260828,000928.SZ,跳空缺口,5.31,2.91,301238.0,137546.0,2.19
20260828,300659.SZ,跳空缺口,10.58,2.62,50311.6,25379.0,1.98
20260828,002961.SZ,跳空缺口,20.56,2.54,228102.0,150672.0,1.51
20260828,000636.SZ,跳空缺口,55.45,2.48,1624630.0,1272110.0,1.28
20260828,002467.SZ,跳空缺口,4.68,2.18,417924.0,204657.0,2.04
20260828,000807.SZ,跳空缺口,27.23,2.02,907383.0,637116.0,1.42
20260828,002474.SZ,跳空缺口,6.34,1.93,314332.0,106238.0,2.96
20260828,000513.SZ,跳空缺口,26.76,1.87,93078.0,66704.8,1.4
20260828,002439.SZ,跳空缺口,13.67,1.86,354268.0,109094.0,3.25
20260828,002190.SZ,跳空缺口,25.99,1.84,294516.0,224982.0,1.31
20260828,300634.SZ,跳空缺口,19.55,1.82,130606.0,61773.5,2.11
20260828,002232.SZ,跳空缺口,14.45,1.69,53079.6,25458.0,2.08
20260828,002058.SZ,跳空缺口,17.03,1.49,49153.0,26224.2,1.87
20260828,300008.SZ,跳空缺口,6.29,1.13,437220.0,307271.0,1.42
20260828,002516.SZ,跳空缺口,5.44,1.12,138836.0,88528.0,1.57
20260828,002912.SZ,跳空缺口,19.31,1.05,33030.2,21324.0,1.55
20260828,300662.SZ,跳空缺口,20.21,0.85,57593.0,24646.0,2.34
20260828,002230.SZ,跳空缺口,40.06,0.73,301924.0,228996.0,1.32
20260828,300624.SZ,跳空缺口,47.22,0.7,115668.0,57089.6,2.03
20260828,300002.SZ,跳空缺口,8.03,0.63,287822.0,251185.0,1.15
20260828,002649.SZ,跳空缺口,9.82,0.51,259990.0,175585.0,1.48
20260828,300113.SZ,跳空缺口,16.28,0.43,223775.0,137216.0,1.63
20260828,300263.SZ,跳空缺口,10.62,0.38,539422.0,468261.0,1.15
20260828,002855.SZ,跳空放量涨幅,14.64,9.99,51251.0,14171.0,3.62
20260828,300170.SZ,跳空放量涨幅,16.64,8.76,1404540.0,320749.0,4.38
20260828,002155.SZ,跳空放量涨幅,28.92,7.03,1872940.0,141981.0,13.19
20260828,000912.SZ,放量涨幅,4.36,10.1,1128570.0,330970.0,3.41
20260828,002742.SZ,放量涨幅,6.24,10.05,2199020.0,99511.0,22.1
20260828,002915.SZ,放量涨幅,18.87,10.03,272037.0,63412.0,4.29
20260828,001288.SZ,放量涨幅,28.46,10.01,167697.0,27738.6,6.05
20260828,000062.SZ,放量涨幅,24.85,10.0,609597.0,164872.0,3.7
20260828,002679.SZ,放量涨幅,10.67,10.0,130153.0,35414.8,3.68
20260828,002855.SZ,放量涨幅,14.64,9.99,51251.0,14171.0,3.62
20260828,002942.SZ,放量涨幅,20.91,9.99,255169.0,22595.3,11.29
20260828,000565.SZ,放量涨幅,6.62,9.97,231899.0,70159.0,3.31
20260828,001376.SZ,放量涨幅,11.58,9.97,222902.0,60419.0,3.69
20260828,300237.SZ,放量涨幅,2.21,9.95,507017.0,75642.0,6.7
20260828,300170.SZ,放量涨幅,16.64,8.76,1404540.0,320749.0,4.38
20260828,300582.SZ,放量涨幅,12.01,7.62,184664.0,56567.0,3.26
20260828,000909.SZ,放量涨幅,4.49,7.16,66014.5,19013.0,3.47
20260828,002155.SZ,放量涨幅,28.92,7.03,1872940.0,141981.0,13.19
20260828,300637.SZ,放量涨幅,9.76,6.2,118371.0,33888.5,3.49
20260828,300378.SZ,跳空缺口,37.45,19.99,139684.0,76734.0,1.82
20260828,300319.SZ,跳空缺口,20.91,10.11,2045510.0,1389670.0,1.47
20260828,000059.SZ,跳空缺口,5.57,10.08,980896.0,534152.0,1.84
20260828,002084.SZ,跳空缺口,5.8,10.06,67244.9,52454.8,1.28
20260828,002396.SZ,跳空缺口,36.69,10.02,1148070.0,1023620.0,1.12
20260828,002631.SZ,跳空缺口,10.1,10.02,961703.0,347088.0,2.77
20260828,000560.SZ,跳空缺口,2.64,10.0,2487040.0,1612540.0,1.54
20260828,002212.SZ,跳空缺口,6.93,10.0,1097470.0,400088.0,2.74
20260828,002886.SZ,跳空缺口,26.4,10.0,42445.0,328531.0,0.13
20260828,000017.SZ,跳空缺口,11.45,9.99,1105710.0,595729.0,1.86
20260828,002855.SZ,跳空缺口,14.64,9.99,51251.0,14171.0,3.62
20260828,002279.SZ,跳空缺口,7.05,9.98,465031.0,159394.0,2.92
20260828,000712.SZ,跳空缺口,11.8,9.97,151564.0,147304.0,1.03
20260828,002354.SZ,跳空缺口,7.85,9.94,915562.0,1616290.0,0.57
20260828,002528.SZ,跳空缺口,6.65,9.02,476919.0,270907.0,1.76
20260828,300456.SZ,跳空缺口,40.4,9.01,1252810.0,819908.0,1.53
20260828,300170.SZ,跳空缺口,16.64,8.76,1404540.0,320749.0,4.38
20260828,002155.SZ,跳空缺口,28.92,7.03,1872940.0,141981.0,13.19
20260828,300094.SZ,跳空缺口,3.19,6.33,1143080.0,503281.0,2.27
20260828,002430.SZ,跳空缺口,26.11,5.92,458563.0,261599.0,1.75
20260828,002636.SZ,跳空缺口,73.18,5.43,952122.0,518534.0,1.84
20260828,300598.SZ,跳空缺口,33.59,4.87,231285.0,100506.0,2.3
20260828,300475.SZ,跳空缺口,172.1,4.09,428240.0,293733.0,1.46
20260828,000878.SZ,跳空缺口,17.85,4.08,1082060.0,599973.0,1.8
20260828,300454.SZ,跳空缺口,124.89,4.08,318614.0,164161.0,1.94
20260828,002573.SZ,跳空缺口,3.35,4.04,380155.0,124510.0,3.05
20260828,002466.SZ,跳空缺口,50.1,3.88,900296.0,339307.0,2.65
20260828,300369.SZ,跳空缺口,7.23,3.73,777839.0,387242.0,2.01
20260828,300516.SZ,跳空缺口,32.9,3.2,103419.0,42693.4,2.42
20260828,300441.SZ,跳空缺口,7.0,3.09,101952.0,39155.0,2.6
20260828,000928.SZ,跳空缺口,5.31,2.91,301238.0,137546.0,2.19
20260828,300659.SZ,跳空缺口,10.58,2.62,50311.6,25379.0,1.98
20260828,002961.SZ,跳空缺口,20.56,2.54,228102.0,150672.0,1.51
20260828,000636.SZ,跳空缺口,55.45,2.48,1624630.0,1272110.0,1.28
20260828,002467.SZ,跳空缺口,4.68,2.18,417924.0,204657.0,2.04
20260828,000807.SZ,跳空缺口,27.23,2.02,907383.0,637116.0,1.42
20260828,002474.SZ,跳空缺口,6.34,1.93,314332.0,106238.0,2.96
20260828,000513.SZ,跳空缺口,26.76,1.87,93078.0,66704.8,1.4
20260828,002439.SZ,跳空缺口,13.67,1.86,354268.0,109094.0,3.25
20260828,002190.SZ,跳空缺口,25.99,1.84,294516.0,224982.0,1.31
20260828,300634.SZ,跳空缺口,19.55,1.82,130606.0,61773.5,2.11
20260828,002232.SZ,跳空缺口,14.45,1.69,53079.6,25458.0,2.08
20260828,002058.SZ,跳空缺口,17.03,1.49,49153.0,26224.2,1.87
20260828,300008.SZ,跳空缺口,6.29,1.13,437220.0,307271.0,1.42
20260828,002516.SZ,跳空缺口,5.44,1.12,138836.0,88528.0,1.57
20260828,002912.SZ,跳空缺口,19.31,1.05,33030.2,21324.0,1.55
20260828,300662.SZ,跳空缺口,20.21,0.85,57593.0,24646.0,2.34
20260828,002230.SZ,跳空缺口,40.06,0.73,301924.0,228996.0,1.32
20260828,300624.SZ,跳空缺口,47.22,0.7,115668.0,57089.6,2.03
20260828,300002.SZ,跳空缺口,8.03,0.63,287822.0,251185.0,1.15
20260828,002649.SZ,跳空缺口,9.82,0.51,259990.0,175585.0,1.48
20260828,300113.SZ,跳空缺口,16.28,0.43,223775.0,137216.0,1.63
20260828,300263.SZ,跳空缺口,10.62,0.38,539422.0,468261.0,1.15
20260828,002855.SZ,跳空放量涨幅,14.64,9.99,51251.0,14171.0,3.62
20260828,300170.SZ,跳空放量涨幅,16.64,8.76,1404540.0,320749.0,4.38
20260828,002155.SZ,跳空放量涨幅,28.92,7.03,1872940.0,141981.0,13.19
20260828,000912.SZ,放量涨幅,4.36,10.1,1128570.0,330970.0,3.41
20260828,002742.SZ,放量涨幅,6.24,10.05,2199020.0,99511.0,22.1
20260828,002915.SZ,放量涨幅,18.87,10.03,272037.0,63412.0,4.29
20260828,001288.SZ,放量涨幅,28.46,10.01,167697.0,27738.6,6.05
20260828,000062.SZ,放量涨幅,24.85,10.0,609597.0,164872.0,3.7
20260828,002679.SZ,放量涨幅,10.67,10.0,130153.0,35414.8,3.68
20260828,002855.SZ,放量涨幅,14.64,9.99,51251.0,14171.0,3.62
20260828,002942.SZ,放量涨幅,20.91,9.99,255169.0,22595.3,11.29
20260828,000565.SZ,放量涨幅,6.62,9.97,231899.0,70159.0,3.31
20260828,001376.SZ,放量涨幅,11.58,9.97,222902.0,60419.0,3.69
20260828,300237.SZ,放量涨幅,2.21,9.95,507017.0,75642.0,6.7
20260828,300170.SZ,放量涨幅,16.64,8.76,1404540.0,320749.0,4.38
20260828,300582.SZ,放量涨幅,12.01,7.62,184664.0,56567.0,3.26
20260828,000909.SZ,放量涨幅,4.49,7.16,66014.5,19013.0,3.47
20260828,002155.SZ,放量涨幅,28.92,7.03,1872940.0,141981.0,13.19
20260828,300637.SZ,放量涨幅,9.76,6.2,118371.0,33888.5,3.49
20260828,300378.SZ,跳空缺口,37.45,19.99,139684.0,76734.0,1.82
20260828,300319.SZ,跳空缺口,20.91,10.11,2045510.0,1389670.0,1.47
20260828,000059.SZ,跳空缺口,5.57,10.08,980896.0,534152.0,1.84
20260828,002084.SZ,跳空缺口,5.8,10.06,67244.9,52454.8,1.28
20260828,002396.SZ,跳空缺口,36.69,10.02,1148070.0,1023620.0,1.12
20260828,002631.SZ,跳空缺口,10.1,10.02,961703.0,347088.0,2.77
20260828,000560.SZ,跳空缺口,2.64,10.0,2487040.0,1612540.0,1.54
20260828,002212.SZ,跳空缺口,6.93,10.0,1097470.0,400088.0,2.74
20260828,002886.SZ,跳空缺口,26.4,10.0,42445.0,328531.0,0.13
20260828,000017.SZ,跳空缺口,11.45,9.99,1105710.0,595729.0,1.86
20260828,002855.SZ,跳空缺口,14.64,9.99,51251.0,14171.0,3.62
20260828,002279.SZ,跳空缺口,7.05,9.98,465031.0,159394.0,2.92
20260828,000712.SZ,跳空缺口,11.8,9.97,151564.0,147304.0,1.03
20260828,002354.SZ,跳空缺口,7.85,9.94,915562.0,1616290.0,0.57
20260828,002528.SZ,跳空缺口,6.65,9.02,476919.0,270907.0,1.76
20260828,300456.SZ,跳空缺口,40.4,9.01,1252810.0,819908.0,1.53
20260828,300170.SZ,跳空缺口,16.64,8.76,1404540.0,320749.0,4.38
20260828,002155.SZ,跳空缺口,28.92,7.03,1872940.0,141981.0,13.19
20260828,300094.SZ,跳空缺口,3.19,6.33,1143080.0,503281.0,2.27
20260828,002430.SZ,跳空缺口,26.11,5.92,458563.0,261599.0,1.75
20260828,002636.SZ,跳空缺口,73.18,5.43,952122.0,518534.0,1.84
20260828,300598.SZ,跳空缺口,33.59,4.87,231285.0,100506.0,2.3
20260828,300475.SZ,跳空缺口,172.1,4.09,428240.0,293733.0,1.46
20260828,000878.SZ,跳空缺口,17.85,4.08,1082060.0,599973.0,1.8
20260828,300454.SZ,跳空缺口,124.89,4.08,318614.0,164161.0,1.94
20260828,002573.SZ,跳空缺口,3.35,4.04,380155.0,124510.0,3.05
20260828,002466.SZ,跳空缺口,50.1,3.88,900296.0,339307.0,2.65
20260828,300369.SZ,跳空缺口,7.23,3.73,777839.0,387242.0,2.01
20260828,300516.SZ,跳空缺口,32.9,3.2,103419.0,42693.4,2.42
20260828,300441.SZ,跳空缺口,7.0,3.09,101952.0,39155.0,2.6
20260828,000928.SZ,跳空缺口,5.31,2.91,301238.0,137546.0,2.19
20260828,300659.SZ,跳空缺口,10.58,2.62,50311.6,25379.0,1.98
20260828,002961.SZ,跳空缺口,20.56,2.54,228102.0,150672.0,1.51
20260828,000636.SZ,跳空缺口,55.45,2.48,1624630.0,1272110.0,1.28
20260828,002467.SZ,跳空缺口,4.68,2.18,417924.0,204657.0,2.04
20260828,000807.SZ,跳空缺口,27.23,2.02,907383.0,637116.0,1.42
20260828,002474.SZ,跳空缺口,6.34,1.93,314332.0,106238.0,2.96
20260828,000513.SZ,跳空缺口,26.76,1.87,93078.0,66704.8,1.4
20260828,002439.SZ,跳空缺口,13.67,1.86,354268.0,109094.0,3.25
20260828,002190.SZ,跳空缺口,25.99,1.84,294516.0,224982.0,1.31
20260828,300634.SZ,跳空缺口,19.55,1.82,130606.0,61773.5,2.11
20260828,002232.SZ,跳空缺口,14.45,1.69,53079.6,25458.0,2.08
20260828,002058.SZ,跳空缺口,17.03,1.49,49153.0,26224.2,1.87
20260828,300008.SZ,跳空缺口,6.29,1.13,437220.0,307271.0,1.42
20260828,002516.SZ,跳空缺口,5.44,1.12,138836.0,88528.0,1.57
20260828,002912.SZ,跳空缺口,19.31,1.05,33030.2,21324.0,1.55
20260828,300662.SZ,跳空缺口,20.21,0.85,57593.0,24646.0,2.34
20260828,002230.SZ,跳空缺口,40.06,0.73,301924.0,228996.0,1.32
20260828,300624.SZ,跳空缺口,47.22,0.7,115668.0,57089.6,2.03
20260828,300002.SZ,跳空缺口,8.03,0.63,287822.0,251185.0,1.15
20260828,002649.SZ,跳空缺口,9.82,0.51,259990.0,175585.0,1.48
20260828,300113.SZ,跳空缺口,16.28,0.43,223775.0,137216.0,1.63
20260828,300263.SZ,跳空缺口,10.62,0.38,539422.0,468261.0,1.15
20260828,002855.SZ,跳空放量涨幅,14.64,9.99,51251.0,14171.0,3.62
20260828,300170.SZ,跳空放量涨幅,16.64,8.76,1404540.0,320749.0,4.38
20260828,002155.SZ,跳空放量涨幅,28.92,7.03,1872940.0,141981.0,13.19
20260828,000912.SZ,放量涨幅,4.36,10.1,1128570.0,330970.0,3.41
20260828,002742.SZ,放量涨幅,6.24,10.05,2199020.0,99511.0,22.1
20260828,002915.SZ,放量涨幅,18.87,10.03,272037.0,63412.0,4.29
20260828,001288.SZ,放量涨幅,28.46,10.01,167697.0,27738.6,6.05
20260828,000062.SZ,放量涨幅,24.85,10.0,609597.0,164872.0,3.7
20260828,002679.SZ,放量涨幅,10.67,10.0,130153.0,35414.8,3.68
20260828,002855.SZ,放量涨幅,14.64,9.99,51251.0,14171.0,3.62
20260828,002942.SZ,放量涨幅,20.91,9.99,255169.0,22595.3,11.29
20260828,000565.SZ,放量涨幅,6.62,9.97,231899.0,70159.0,3.31
20260828,001376.SZ,放量涨幅,11.58,9.97,222902.0,60419.0,3.69
20260828,300237.SZ,放量涨幅,2.21,9.95,507017.0,75642.0,6.7
20260828,300170.SZ,放量涨幅,16.64,8.76,1404540.0,320749.0,4.38
20260828,300582.SZ,放量涨幅,12.01,7.62,184664.0,56567.0,3.26
20260828,000909.SZ,放量涨幅,4.49,7.16,66014.5,19013.0,3.47
20260828,002155.SZ,放量涨幅,28.92,7.03,1872940.0,141981.0,13.19
20260828,300637.SZ,放量涨幅,9.76,6.2,118371.0,33888.5,3.49
20260828,300378.SZ,跳空缺口,37.45,19.99,139684.0,76734.0,1.82
20260828,300319.SZ,跳空缺口,20.91,10.11,2045510.0,1389670.0,1.47
20260828,000059.SZ,跳空缺口,5.57,10.08,980896.0,534152.0,1.84
20260828,002084.SZ,跳空缺口,5.8,10.06,67244.9,52454.8,1.28
20260828,002396.SZ,跳空缺口,36.69,10.02,1148070.0,1023620.0,1.12
20260828,002631.SZ,跳空缺口,10.1,10.02,961703.0,347088.0,2.77
20260828,000560.SZ,跳空缺口,2.64,10.0,2487040.0,1612540.0,1.54
20260828,002212.SZ,跳空缺口,6.93,10.0,1097470.0,400088.0,2.74
20260828,002886.SZ,跳空缺口,26.4,10.0,42445.0,328531.0,0.13
20260828,000017.SZ,跳空缺口,11.45,9.99,1105710.0,595729.0,1.86
20260828,002855.SZ,跳空缺口,14.64,9.99,51251.0,14171.0,3.62
20260828,002279.SZ,跳空缺口,7.05,9.98,465031.0,159394.0,2.92
20260828,000712.SZ,跳空缺口,11.8,9.97,151564.0,147304.0,1.03
20260828,002354.SZ,跳空缺口,7.85,9.94,915562.0,1616290.0,0.57
20260828,002528.SZ,跳空缺口,6.65,9.02,476919.0,270907.0,1.76
20260828,300456.SZ,跳空缺口,40.4,9.01,1252810.0,819908.0,1.53
20260828,300170.SZ,跳空缺口,16.64,8.76,1404540.0,320749.0,4.38
20260828,002155.SZ,跳空缺口,28.92,7.03,1872940.0,141981.0,13.19
20260828,300094.SZ,跳空缺口,3.19,6.33,1143080.0,503281.0,2.27
20260828,002430.SZ,跳空缺口,26.11,5.92,458563.0,261599.0,1.75
20260828,002636.SZ,跳空缺口,73.18,5.43,952122.0,518534.0,1.84
20260828,300598.SZ,跳空缺口,33.59,4.87,231285.0,100506.0,2.3
20260828,300475.SZ,跳空缺口,172.1,4.09,428240.0,293733.0,1.46
20260828,000878.SZ,跳空缺口,17.85,4.08,1082060.0,599973.0,1.8
20260828,300454.SZ,跳空缺口,124.89,4.08,318614.0,164161.0,1.94
20260828,002573.SZ,跳空缺口,3.35,4.04,380155.0,124510.0,3.05
20260828,002466.SZ,跳空缺口,50.1,3.88,900296.0,339307.0,2.65
20260828,300369.SZ,跳空缺口,7.23,3.73,777839.0,387242.0,2.01
20260828,300516.SZ,跳空缺口,32.9,3.2,103419.0,42693.4,2.42
20260828,300441.SZ,跳空缺口,7.0,3.09,101952.0,39155.0,2.6
20260828,000928.SZ,跳空缺口,5.31,2.91,301238.0,137546.0,2.19
20260828,300659.SZ,跳空缺口,10.58,2.62,50311.6,25379.0,1.98
20260828,002961.SZ,跳空缺口,20.56,2.54,228102.0,150672.0,1.51
20260828,000636.SZ,跳空缺口,55.45,2.48,1624630.0,1272110.0,1.28
20260828,002467.SZ,跳空缺口,4.68,2.18,417924.0,204657.0,2.04
20260828,000807.SZ,跳空缺口,27.23,2.02,907383.0,637116.0,1.42
20260828,002474.SZ,跳空缺口,6.34,1.93,314332.0,106238.0,2.96
20260828,000513.SZ,跳空缺口,26.76,1.87,93078.0,66704.8,1.4
20260828,002439.SZ,跳空缺口,13.67,1.86,354268.0,109094.0,3.25
20260828,002190.SZ,跳空缺口,25.99,1.84,294516.0,224982.0,1.31
20260828,300634.SZ,跳空缺口,19.55,1.82,130606.0,61773.5,2.11
20260828,002232.SZ,跳空缺口,14.45,1.69,53079.6,25458.0,2.08
20260828,002058.SZ,跳空缺口,17.03,1.49,49153.0,26224.2,1.87
20260828,300008.SZ,跳空缺口,6.29,1.13,437220.0,307271.0,1.42
20260828,002516.SZ,跳空缺口,5.44,1.12,138836.0,88528.0,1.57
20260828,002912.SZ,跳空缺口,19.31,1.05,33030.2,21324.0,1.55
20260828,300662.SZ,跳空缺口,20.21,0.85,57593.0,24646.0,2.34
20260828,002230.SZ,跳空缺口,40.06,0.73,301924.0,228996.0,1.32
20260828,300624.SZ,跳空缺口,47.22,0.7,115668.0,57089.6,2.03
20260828,300002.SZ,跳空缺口,8.03,0.63,287822.0,251185.0,1.15
20260828,002649.SZ,跳空缺口,9.82,0.51,259990.0,175585.0,1.48
20260828,300113.SZ,跳空缺口,16.28,0.43,223775.0,137216.0,1.63
20260828,300263.SZ,跳空缺口,10.62,0.38,539422.0,468261.0,1.15
20260828,002855.SZ,跳空放量涨幅,14.64,9.99,51251.0,14171.0,3.62
20260828,300170.SZ,跳空放量涨幅,16.64,8.76,1404540.0,320749.0,4.38
20260828,002155.SZ,跳空放量涨幅,28.92,7.03,1872940.0,141981.0,13.19
20260828,001360.SZ,30day-smooth-up-30pct,19.15,2.5161,64485.0,68567.0,0.94
20260828,300192.SZ,30day-smooth-up-30pct,17.38,1.9355,256994.0,280503.0,0.92
20260828,002578.SZ,30day-smooth-up-30pct,4.33,9.8985,631590.0,258239.0,2.45
20260828,002209.SZ,30day-smooth-up-30pct,13.31,1.7584,91615.0,92857.0,0.99
20260828,300154.SZ,30day-smooth-up-30pct,12.15,0.2475,192121.0,183292.0,1.05
20260828,002486.SZ,30day-smooth-up-30pct,2.95,10.0746,769806.0,287942.0,2.67
20260828,002678.SZ,30day-smooth-up-30pct,5.15,0.9804,117844.0,153963.0,0.77
20260828,000626.SZ,30day-smooth-up-30pct,9.41,10.0585,296250.0,157577.0,1.88
20260828,300268.SZ,30day-smooth-up-30pct,13.82,2.7509,49414.8,42814.0,1.15
20260828,002849.SZ,30day-smooth-up-30pct,18.73,1.7935,62111.0,66118.5,0.94
20260828,000509.SZ,30day-smooth-up-30pct,3.53,0.2841,176428.0,231167.0,0.76
20260828,300328.SZ,30day-smooth-up-30pct,17.79,3.3701,621759.0,660174.0,0.94
20260828,002800.SZ,30day-smooth-up-30pct,15.21,4.1068,54812.7,45471.0,1.21
20260828,000586.SZ,30day-smooth-up-30pct,13.77,-4.4414,245793.0,104617.0,2.35
20260828,000911.SZ,30day-smooth-up-30pct,5.34,2.2989,115924.0,111871.0,1.04
20260828,002357.SZ,30day-smooth-up-30pct,11.11,0.7253,79404.0,84967.6,0.93
20260828,002679.SZ,30day-smooth-up-30pct,10.67,10.0,130153.0,35414.8,3.68
20260828,000925.SZ,30day-smooth-up-30pct,9.38,9.9648,831967.0,619507.0,1.34
20260828,002716.SZ,30day-smooth-up-30pct,11.65,0.431,4008090.0,4550860.0,0.88
20260828,000757.SZ,30day-smooth-up-30pct,4.52,-0.8772,62244.0,76071.0,0.82
20260828,002455.SZ,30day-smooth-up-30pct,7.93,1.928,542059.0,600881.0,0.9
20260828,000007.SZ,30day-smooth-up-30pct,12.6,-1.1765,64704.0,105005.0,0.62
20260828,003023.SZ,30day-smooth-up-30pct,27.39,0.4032,17848.5,20591.3,0.87
20260828,002193.SZ,30day-smooth-up-30pct,5.38,10.0204,122546.0,42502.0,2.88
20260828,300025.SZ,30day-smooth-up-30pct,5.4,-0.1848,85538.7,115641.0,0.74
20260828,300227.SZ,30day-smooth-up-30pct,13.09,0.4605,366999.0,424584.0,0.86
20260828,000610.SZ,30day-smooth-up-30pct,6.83,2.8614,109399.0,94743.0,1.15
20260828,000949.SZ,30day-smooth-up-30pct,7.38,2.0747,559798.0,418282.0,1.34
20260828,300163.SZ,30day-smooth-up-30pct,7.56,-0.1321,768225.0,921691.0,0.83
20260828,000975.SZ,30day-smooth-up-30pct,27.31,-0.3285,424898.0,580985.0,0.73
20260828,300538.SZ,30day-smooth-up-30pct,16.18,3.123,72590.0,47969.7,1.51
20260828,000798.SZ,30day-smooth-up-30pct,10.12,10.0,319789.0,162508.0,1.97
20260828,000782.SZ,30day-smooth-up-30pct,8.0,0.1252,250055.0,146586.0,1.71
20260828,300120.SZ,30day-smooth-up-30pct,9.43,-1.3598,703630.0,656337.0,1.07
20260828,002795.SZ,30day-smooth-up-30pct,7.29,1.1096,123062.0,97874.0,1.26
20260828,002539.SZ,30day-smooth-up-30pct,13.82,3.2114,233979.0,228523.0,1.02
20260828,300234.SZ,30day-smooth-up-30pct,10.12,-0.6869,116000.0,145715.0,0.8
20260828,002870.SZ,30day-smooth-up-30pct,49.89,2.9721,60351.0,37076.9,1.63
20260828,002161.SZ,30day-smooth-up-30pct,6.85,7.3668,436875.0,278961.0,1.57
20260828,002631.SZ,30day-smooth-up-30pct,10.1,10.0218,961703.0,347088.0,2.77
20260828,300585.SZ,30day-smooth-up-30pct,17.12,0.2342,68565.1,100294.0,0.68
20260828,000912.SZ,放量涨幅,4.36,10.1,1128570.0,330970.0,3.41
20260828,002742.SZ,放量涨幅,6.24,10.05,2199020.0,99511.0,22.1
20260828,002915.SZ,放量涨幅,18.87,10.03,272037.0,63412.0,4.29
20260828,001288.SZ,放量涨幅,28.46,10.01,167697.0,27738.6,6.05
20260828,000062.SZ,放量涨幅,24.85,10.0,609597.0,164872.0,3.7
20260828,002679.SZ,放量涨幅,10.67,10.0,130153.0,35414.8,3.68
20260828,002855.SZ,放量涨幅,14.64,9.99,51251.0,14171.0,3.62
20260828,002942.SZ,放量涨幅,20.91,9.99,255169.0,22595.3,11.29
20260828,000565.SZ,放量涨幅,6.62,9.97,231899.0,70159.0,3.31
20260828,001376.SZ,放量涨幅,11.58,9.97,222902.0,60419.0,3.69
20260828,300237.SZ,放量涨幅,2.21,9.95,507017.0,75642.0,6.7
20260828,300170.SZ,放量涨幅,16.64,8.76,1404540.0,320749.0,4.38
20260828,300582.SZ,放量涨幅,12.01,7.62,184664.0,56567.0,3.26
20260828,000909.SZ,放量涨幅,4.49,7.16,66014.5,19013.0,3.47
20260828,002155.SZ,放量涨幅,28.92,7.03,1872940.0,141981.0,13.19
20260828,300637.SZ,放量涨幅,9.76,6.2,118371.0,33888.5,3.49
20260828,300378.SZ,跳空缺口,37.45,19.99,139684.0,76734.0,1.82
20260828,300319.SZ,跳空缺口,20.91,10.11,2045510.0,1389670.0,1.47
20260828,000059.SZ,跳空缺口,5.57,10.08,980896.0,534152.0,1.84
20260828,002084.SZ,跳空缺口,5.8,10.06,67244.9,52454.8,1.28
20260828,002396.SZ,跳空缺口,36.69,10.02,1148070.0,1023620.0,1.12
20260828,002631.SZ,跳空缺口,10.1,10.02,961703.0,347088.0,2.77
20260828,000560.SZ,跳空缺口,2.64,10.0,2487040.0,1612540.0,1.54
20260828,002212.SZ,跳空缺口,6.93,10.0,1097470.0,400088.0,2.74
20260828,002886.SZ,跳空缺口,26.4,10.0,42445.0,328531.0,0.13
20260828,000017.SZ,跳空缺口,11.45,9.99,1105710.0,595729.0,1.86
20260828,002855.SZ,跳空缺口,14.64,9.99,51251.0,14171.0,3.62
20260828,002279.SZ,跳空缺口,7.05,9.98,465031.0,159394.0,2.92
20260828,000712.SZ,跳空缺口,11.8,9.97,151564.0,147304.0,1.03
20260828,002354.SZ,跳空缺口,7.85,9.94,915562.0,1616290.0,0.57
20260828,002528.SZ,跳空缺口,6.65,9.02,476919.0,270907.0,1.76
20260828,300456.SZ,跳空缺口,40.4,9.01,1252810.0,819908.0,1.53
20260828,300170.SZ,跳空缺口,16.64,8.76,1404540.0,320749.0,4.38
20260828,002155.SZ,跳空缺口,28.92,7.03,1872940.0,141981.0,13.19
20260828,300094.SZ,跳空缺口,3.19,6.33,1143080.0,503281.0,2.27
20260828,002430.SZ,跳空缺口,26.11,5.92,458563.0,261599.0,1.75
20260828,002636.SZ,跳空缺口,73.18,5.43,952122.0,518534.0,1.84
20260828,300598.SZ,跳空缺口,33.59,4.87,231285.0,100506.0,2.3
20260828,300475.SZ,跳空缺口,172.1,4.09,428240.0,293733.0,1.46
20260828,000878.SZ,跳空缺口,17.85,4.08,1082060.0,599973.0,1.8
20260828,300454.SZ,跳空缺口,124.89,4.08,318614.0,164161.0,1.94
20260828,002573.SZ,跳空缺口,3.35,4.04,380155.0,124510.0,3.05
20260828,002466.SZ,跳空缺口,50.1,3.88,900296.0,339307.0,2.65
20260828,300369.SZ,跳空缺口,7.23,3.73,777839.0,387242.0,2.01
20260828,300516.SZ,跳空缺口,32.9,3.2,103419.0,42693.4,2.42
20260828,300441.SZ,跳空缺口,7.0,3.09,101952.0,39155.0,2.6
20260828,000928.SZ,跳空缺口,5.31,2.91,301238.0,137546.0,2.19
20260828,300659.SZ,跳空缺口,10.58,2.62,50311.6,25379.0,1.98
20260828,002961.SZ,跳空缺口,20.56,2.54,228102.0,150672.0,1.51
20260828,000636.SZ,跳空缺口,55.45,2.48,1624630.0,1272110.0,1.28
20260828,002467.SZ,跳空缺口,4.68,2.18,417924.0,204657.0,2.04
20260828,000807.SZ,跳空缺口,27.23,2.02,907383.0,637116.0,1.42
20260828,002474.SZ,跳空缺口,6.34,1.93,314332.0,106238.0,2.96
20260828,000513.SZ,跳空缺口,26.76,1.87,93078.0,66704.8,1.4
20260828,002439.SZ,跳空缺口,13.67,1.86,354268.0,109094.0,3.25
20260828,002190.SZ,跳空缺口,25.99,1.84,294516.0,224982.0,1.31
20260828,300634.SZ,跳空缺口,19.55,1.82,130606.0,61773.5,2.11
20260828,002232.SZ,跳空缺口,14.45,1.69,53079.6,25458.0,2.08
20260828,002058.SZ,跳空缺口,17.03,1.49,49153.0,26224.2,1.87
20260828,300008.SZ,跳空缺口,6.29,1.13,437220.0,307271.0,1.42
20260828,002516.SZ,跳空缺口,5.44,1.12,138836.0,88528.0,1.57
20260828,002912.SZ,跳空缺口,19.31,1.05,33030.2,21324.0,1.55
20260828,300662.SZ,跳空缺口,20.21,0.85,57593.0,24646.0,2.34
20260828,002230.SZ,跳空缺口,40.06,0.73,301924.0,228996.0,1.32
20260828,300624.SZ,跳空缺口,47.22,0.7,115668.0,57089.6,2.03
20260828,300002.SZ,跳空缺口,8.03,0.63,287822.0,251185.0,1.15
20260828,002649.SZ,跳空缺口,9.82,0.51,259990.0,175585.0,1.48
20260828,300113.SZ,跳空缺口,16.28,0.43,223775.0,137216.0,1.63
20260828,300263.SZ,跳空缺口,10.62,0.38,539422.0,468261.0,1.15
20260828,002855.SZ,跳空放量涨幅,14.64,9.99,51251.0,14171.0,3.62
20260828,300170.SZ,跳空放量涨幅,16.64,8.76,1404540.0,320749.0,4.38
20260828,002155.SZ,跳空放量涨幅,28.92,7.03,1872940.0,141981.0,13.19
20260828,000912.SZ,放量涨幅,4.36,10.1,1128570.0,330970.0,3.41
20260828,002742.SZ,放量涨幅,6.24,10.05,2199020.0,99511.0,22.1
20260828,002915.SZ,放量涨幅,18.87,10.03,272037.0,63412.0,4.29
20260828,001288.SZ,放量涨幅,28.46,10.01,167697.0,27738.6,6.05
20260828,000062.SZ,放量涨幅,24.85,10.0,609597.0,164872.0,3.7
20260828,002679.SZ,放量涨幅,10.67,10.0,130153.0,35414.8,3.68
20260828,002855.SZ,放量涨幅,14.64,9.99,51251.0,14171.0,3.62
20260828,002942.SZ,放量涨幅,20.91,9.99,255169.0,22595.3,11.29
20260828,000565.SZ,放量涨幅,6.62,9.97,231899.0,70159.0,3.31
20260828,001376.SZ,放量涨幅,11.58,9.97,222902.0,60419.0,3.69
20260828,300237.SZ,放量涨幅,2.21,9.95,507017.0,75642.0,6.7
20260828,300170.SZ,放量涨幅,16.64,8.76,1404540.0,320749.0,4.38
20260828,300582.SZ,放量涨幅,12.01,7.62,184664.0,56567.0,3.26
20260828,000909.SZ,放量涨幅,4.49,7.16,66014.5,19013.0,3.47
20260828,002155.SZ,放量涨幅,28.92,7.03,1872940.0,141981.0,13.19
20260828,300637.SZ,放量涨幅,9.76,6.2,118371.0,33888.5,3.49
20260828,300378.SZ,跳空缺口,37.45,19.99,139684.0,76734.0,1.82
20260828,300319.SZ,跳空缺口,20.91,10.11,2045510.0,1389670.0,1.47
20260828,000059.SZ,跳空缺口,5.57,10.08,980896.0,534152.0,1.84
20260828,002084.SZ,跳空缺口,5.8,10.06,67244.9,52454.8,1.28
20260828,002396.SZ,跳空缺口,36.69,10.02,1148070.0,1023620.0,1.12
20260828,002631.SZ,跳空缺口,10.1,10.02,961703.0,347088.0,2.77
20260828,000560.SZ,跳空缺口,2.64,10.0,2487040.0,1612540.0,1.54
20260828,002212.SZ,跳空缺口,6.93,10.0,1097470.0,400088.0,2.74
20260828,002886.SZ,跳空缺口,26.4,10.0,42445.0,328531.0,0.13
20260828,000017.SZ,跳空缺口,11.45,9.99,1105710.0,595729.0,1.86
20260828,002855.SZ,跳空缺口,14.64,9.99,51251.0,14171.0,3.62
20260828,002279.SZ,跳空缺口,7.05,9.98,465031.0,159394.0,2.92
20260828,000712.SZ,跳空缺口,11.8,9.97,151564.0,147304.0,1.03
20260828,002354.SZ,跳空缺口,7.85,9.94,915562.0,1616290.0,0.57
20260828,002528.SZ,跳空缺口,6.65,9.02,476919.0,270907.0,1.76
20260828,300456.SZ,跳空缺口,40.4,9.01,1252810.0,819908.0,1.53
20260828,300170.SZ,跳空缺口,16.64,8.76,1404540.0,320749.0,4.38
20260828,002155.SZ,跳空缺口,28.92,7.03,1872940.0,141981.0,13.19
20260828,300094.SZ,跳空缺口,3.19,6.33,1143080.0,503281.0,2.27
20260828,002430.SZ,跳空缺口,26.11,5.92,458563.0,261599.0,1.75
20260828,002636.SZ,跳空缺口,73.18,5.43,952122.0,518534.0,1.84
20260828,300598.SZ,跳空缺口,33.59,4.87,231285.0,100506.0,2.3
20260828,300475.SZ,跳空缺口,172.1,4.09,428240.0,293733.0,1.46
20260828,000878.SZ,跳空缺口,17.85,4.08,1082060.0,599973.0,1.8
20260828,300454.SZ,跳空缺口,124.89,4.08,318614.0,164161.0,1.94
20260828,002573.SZ,跳空缺口,3.35,4.04,380155.0,124510.0,3.05
20260828,002466.SZ,跳空缺口,50.1,3.88,900296.0,339307.0,2.65
20260828,300369.SZ,跳空缺口,7.23,3.73,777839.0,387242.0,2.01
20260828,300516.SZ,跳空缺口,32.9,3.2,103419.0,42693.4,2.42
20260828,300441.SZ,跳空缺口,7.0,3.09,101952.0,39155.0,2.6
20260828,000928.SZ,跳空缺口,5.31,2.91,301238.0,137546.0,2.19
20260828,300659.SZ,跳空缺口,10.58,2.62,50311.6,25379.0,1.98
20260828,002961.SZ,跳空缺口,20.56,2.54,228102.0,150672.0,1.51
20260828,000636.SZ,跳空缺口,55.45,2.48,1624630.0,1272110.0,1.28
20260828,002467.SZ,跳空缺口,4.68,2.18,417924.0,204657.0,2.04
20260828,000807.SZ,跳空缺口,27.23,2.02,907383.0,637116.0,1.42
20260828,002474.SZ,跳空缺口,6.34,1.93,314332.0,106238.0,2.96
20260828,000513.SZ,跳空缺口,26.76,1.87,93078.0,66704.8,1.4
20260828,002439.SZ,跳空缺口,13.67,1.86,354268.0,109094.0,3.25
20260828,002190.SZ,跳空缺口,25.99,1.84,294516.0,224982.0,1.31
20260828,300634.SZ,跳空缺口,19.55,1.82,130606.0,61773.5,2.11
20260828,002232.SZ,跳空缺口,14.45,1.69,53079.6,25458.0,2.08
20260828,002058.SZ,跳空缺口,17.03,1.49,49153.0,26224.2,1.87
20260828,300008.SZ,跳空缺口,6.29,1.13,437220.0,307271.0,1.42
20260828,002516.SZ,跳空缺口,5.44,1.12,138836.0,88528.0,1.57
20260828,002912.SZ,跳空缺口,19.31,1.05,33030.2,21324.0,1.55
20260828,300662.SZ,跳空缺口,20.21,0.85,57593.0,24646.0,2.34
20260828,002230.SZ,跳空缺口,40.06,0.73,301924.0,228996.0,1.32
20260828,300624.SZ,跳空缺口,47.22,0.7,115668.0,57089.6,2.03
20260828,300002.SZ,跳空缺口,8.03,0.63,287822.0,251185.0,1.15
20260828,002649.SZ,跳空缺口,9.82,0.51,259990.0,175585.0,1.48
20260828,300113.SZ,跳空缺口,16.28,0.43,223775.0,137216.0,1.63
20260828,300263.SZ,跳空缺口,10.62,0.38,539422.0,468261.0,1.15
20260828,002855.SZ,跳空放量涨幅,14.64,9.99,51251.0,14171.0,3.62
20260828,300170.SZ,跳空放量涨幅,16.64,8.76,1404540.0,320749.0,4.38
20260828,002155.SZ,跳空放量涨幅,28.92,7.03,1872940.0,141981.0,13.19
20260828,000912.SZ,放量涨幅,4.36,10.1,1128570.0,330970.0,3.41
20260828,002742.SZ,放量涨幅,6.24,10.05,2199020.0,99511.0,22.1
20260828,002915.SZ,放量涨幅,18.87,10.03,272037.0,63412.0,4.29
20260828,001288.SZ,放量涨幅,28.46,10.01,167697.0,27738.6,6.05
20260828,000062.SZ,放量涨幅,24.85,10.0,609597.0,164872.0,3.7
20260828,002679.SZ,放量涨幅,10.67,10.0,130153.0,35414.8,3.68
20260828,002855.SZ,放量涨幅,14.64,9.99,51251.0,14171.0,3.62
20260828,002942.SZ,放量涨幅,20.91,9.99,255169.0,22595.3,11.29
20260828,000565.SZ,放量涨幅,6.62,9.97,231899.0,70159.0,3.31
20260828,001376.SZ,放量涨幅,11.58,9.97,222902.0,60419.0,3.69
20260828,300237.SZ,放量涨幅,2.21,9.95,507017.0,75642.0,6.7
20260828,300170.SZ,放量涨幅,16.64,8.76,1404540.0,320749.0,4.38
20260828,300582.SZ,放量涨幅,12.01,7.62,184664.0,56567.0,3.26
20260828,000909.SZ,放量涨幅,4.49,7.16,66014.5,19013.0,3.47
20260828,002155.SZ,放量涨幅,28.92,7.03,1872940.0,141981.0,13.19
20260828,300637.SZ,放量涨幅,9.76,6.2,118371.0,33888.5,3.49
20260828,300378.SZ,跳空缺口,37.45,19.99,139684.0,76734.0,1.82
20260828,300319.SZ,跳空缺口,20.91,10.11,2045510.0,1389670.0,1.47
20260828,000059.SZ,跳空缺口,5.57,10.08,980896.0,534152.0,1.84
20260828,002084.SZ,跳空缺口,5.8,10.06,67244.9,52454.8,1.28
20260828,002396.SZ,跳空缺口,36.69,10.02,1148070.0,1023620.0,1.12
20260828,002631.SZ,跳空缺口,10.1,10.02,961703.0,347088.0,2.77
20260828,000560.SZ,跳空缺口,2.64,10.0,2487040.0,1612540.0,1.54
20260828,002212.SZ,跳空缺口,6.93,10.0,1097470.0,400088.0,2.74
20260828,002886.SZ,跳空缺口,26.4,10.0,42445.0,328531.0,0.13
20260828,000017.SZ,跳空缺口,11.45,9.99,1105710.0,595729.0,1.86
20260828,002855.SZ,跳空缺口,14.64,9.99,51251.0,14171.0,3.62
20260828,002279.SZ,跳空缺口,7.05,9.98,465031.0,159394.0,2.92
20260828,000712.SZ,跳空缺口,11.8,9.97,151564.0,147304.0,1.03
20260828,002354.SZ,跳空缺口,7.85,9.94,915562.0,1616290.0,0.57
20260828,002528.SZ,跳空缺口,6.65,9.02,476919.0,270907.0,1.76
20260828,300456.SZ,跳空缺口,40.4,9.01,1252810.0,819908.0,1.53
20260828,300170.SZ,跳空缺口,16.64,8.76,1404540.0,320749.0,4.38
20260828,002155.SZ,跳空缺口,28.92,7.03,1872940.0,141981.0,13.19
20260828,300094.SZ,跳空缺口,3.19,6.33,1143080.0,503281.0,2.27
20260828,002430.SZ,跳空缺口,26.11,5.92,458563.0,261599.0,1.75
20260828,002636.SZ,跳空缺口,73.18,5.43,952122.0,518534.0,1.84
20260828,300598.SZ,跳空缺口,33.59,4.87,231285.0,100506.0,2.3
20260828,300475.SZ,跳空缺口,172.1,4.09,428240.0,293733.0,1.46
20260828,000878.SZ,跳空缺口,17.85,4.08,1082060.0,599973.0,1.8
20260828,300454.SZ,跳空缺口,124.89,4.08,318614.0,164161.0,1.94
20260828,002573.SZ,跳空缺口,3.35,4.04,380155.0,124510.0,3.05
20260828,002466.SZ,跳空缺口,50.1,3.88,900296.0,339307.0,2.65
20260828,300369.SZ,跳空缺口,7.23,3.73,777839.0,387242.0,2.01
20260828,300516.SZ,跳空缺口,32.9,3.2,103419.0,42693.4,2.42
20260828,300441.SZ,跳空缺口,7.0,3.09,101952.0,39155.0,2.6
20260828,000928.SZ,跳空缺口,5.31,2.91,301238.0,137546.0,2.19
20260828,300659.SZ,跳空缺口,10.58,2.62,50311.6,25379.0,1.98
20260828,002961.SZ,跳空缺口,20.56,2.54,228102.0,150672.0,1.51
20260828,000636.SZ,跳空缺口,55.45,2.48,1624630.0,1272110.0,1.28
20260828,002467.SZ,跳空缺口,4.68,2.18,417924.0,204657.0,2.04
20260828,000807.SZ,跳空缺口,27.23,2.02,907383.0,637116.0,1.42
20260828,002474.SZ,跳空缺口,6.34,1.93,314332.0,106238.0,2.96
20260828,000513.SZ,跳空缺口,26.76,1.87,93078.0,66704.8,1.4
20260828,002439.SZ,跳空缺口,13.67,1.86,354268.0,109094.0,3.25
20260828,002190.SZ,跳空缺口,25.99,1.84,294516.0,224982.0,1.31
20260828,300634.SZ,跳空缺口,19.55,1.82,130606.0,61773.5,2.11
20260828,002232.SZ,跳空缺口,14.45,1.69,53079.6,25458.0,2.08
20260828,002058.SZ,跳空缺口,17.03,1.49,49153.0,26224.2,1.87
20260828,300008.SZ,跳空缺口,6.29,1.13,437220.0,307271.0,1.42
20260828,002516.SZ,跳空缺口,5.44,1.12,138836.0,88528.0,1.57
20260828,002912.SZ,跳空缺口,19.31,1.05,33030.2,21324.0,1.55
20260828,300662.SZ,跳空缺口,20.21,0.85,57593.0,24646.0,2.34
20260828,002230.SZ,跳空缺口,40.06,0.73,301924.0,228996.0,1.32
20260828,300624.SZ,跳空缺口,47.22,0.7,115668.0,57089.6,2.03
20260828,300002.SZ,跳空缺口,8.03,0.63,287822.0,251185.0,1.15
20260828,002649.SZ,跳空缺口,9.82,0.51,259990.0,175585.0,1.48
20260828,300113.SZ,跳空缺口,16.28,0.43,223775.0,137216.0,1.63
20260828,300263.SZ,跳空缺口,10.62,0.38,539422.0,468261.0,1.15
20260828,002855.SZ,跳空放量涨幅,14.64,9.99,51251.0,14171.0,3.62
20260828,300170.SZ,跳空放量涨幅,16.64,8.76,1404540.0,320749.0,4.38
20260828,002155.SZ,跳空放量涨幅,28.92,7.03,1872940.0,141981.0,13.19
20260828,000912.SZ,放量涨幅,4.36,10.1,1128570.0,330970.0,3.41
20260828,002742.SZ,放量涨幅,6.24,10.05,2199020.0,99511.0,22.1
20260828,002915.SZ,放量涨幅,18.87,10.03,272037.0,63412.0,4.29
20260828,001288.SZ,放量涨幅,28.46,10.01,167697.0,27738.6,6.05
20260828,000062.SZ,放量涨幅,24.85,10.0,609597.0,164872.0,3.7
20260828,002679.SZ,放量涨幅,10.67,10.0,130153.0,35414.8,3.68
20260828,002855.SZ,放量涨幅,14.64,9.99,51251.0,14171.0,3.62
20260828,002942.SZ,放量涨幅,20.91,9.99,255169.0,22595.3,11.29
20260828,000565.SZ,放量涨幅,6.62,9.97,231899.0,70159.0,3.31
20260828,001376.SZ,放量涨幅,11.58,9.97,222902.0,60419.0,3.69
20260828,300237.SZ,放量涨幅,2.21,9.95,507017.0,75642.0,6.7
20260828,300170.SZ,放量涨幅,16.64,8.76,1404540.0,320749.0,4.38
20260828,300582.SZ,放量涨幅,12.01,7.62,184664.0,56567.0,3.26
20260828,000909.SZ,放量涨幅,4.49,7.16,66014.5,19013.0,3.47
20260828,002155.SZ,放量涨幅,28.92,7.03,1872940.0,141981.0,13.19
20260828,300637.SZ,放量涨幅,9.76,6.2,118371.0,33888.5,3.49
20260828,300378.SZ,跳空缺口,37.45,19.99,139684.0,76734.0,1.82
20260828,300319.SZ,跳空缺口,20.91,10.11,2045510.0,1389670.0,1.47
20260828,000059.SZ,跳空缺口,5.57,10.08,980896.0,534152.0,1.84
20260828,002084.SZ,跳空缺口,5.8,10.06,67244.9,52454.8,1.28
20260828,002396.SZ,跳空缺口,36.69,10.02,1148070.0,1023620.0,1.12
20260828,002631.SZ,跳空缺口,10.1,10.02,961703.0,347088.0,2.77
20260828,000560.SZ,跳空缺口,2.64,10.0,2487040.0,1612540.0,1.54
20260828,002212.SZ,跳空缺口,6.93,10.0,1097470.0,400088.0,2.74
20260828,002886.SZ,跳空缺口,26.4,10.0,42445.0,328531.0,0.13
20260828,000017.SZ,跳空缺口,11.45,9.99,1105710.0,595729.0,1.86
20260828,002855.SZ,跳空缺口,14.64,9.99,51251.0,14171.0,3.62
20260828,002279.SZ,跳空缺口,7.05,9.98,465031.0,159394.0,2.92
20260828,000712.SZ,跳空缺口,11.8,9.97,151564.0,147304.0,1.03
20260828,002354.SZ,跳空缺口,7.85,9.94,915562.0,1616290.0,0.57
20260828,002528.SZ,跳空缺口,6.65,9.02,476919.0,270907.0,1.76
20260828,300456.SZ,跳空缺口,40.4,9.01,1252810.0,819908.0,1.53
20260828,300170.SZ,跳空缺口,16.64,8.76,1404540.0,320749.0,4.38
20260828,002155.SZ,跳空缺口,28.92,7.03,1872940.0,141981.0,13.19
20260828,300094.SZ,跳空缺口,3.19,6.33,1143080.0,503281.0,2.27
20260828,002430.SZ,跳空缺口,26.11,5.92,458563.0,261599.0,1.75
20260828,002636.SZ,跳空缺口,73.18,5.43,952122.0,518534.0,1.84
20260828,300598.SZ,跳空缺口,33.59,4.87,231285.0,100506.0,2.3
20260828,300475.SZ,跳空缺口,172.1,4.09,428240.0,293733.0,1.46
20260828,000878.SZ,跳空缺口,17.85,4.08,1082060.0,599973.0,1.8
20260828,300454.SZ,跳空缺口,124.89,4.08,318614.0,164161.0,1.94
20260828,002573.SZ,跳空缺口,3.35,4.04,380155.0,124510.0,3.05
20260828,002466.SZ,跳空缺口,50.1,3.88,900296.0,339307.0,2.65
20260828,300369.SZ,跳空缺口,7.23,3.73,777839.0,387242.0,2.01
20260828,300516.SZ,跳空缺口,32.9,3.2,103419.0,42693.4,2.42
20260828,300441.SZ,跳空缺口,7.0,3.09,101952.0,39155.0,2.6
20260828,000928.SZ,跳空缺口,5.31,2.91,301238.0,137546.0,2.19
20260828,300659.SZ,跳空缺口,10.58,2.62,50311.6,25379.0,1.98
20260828,002961.SZ,跳空缺口,20.56,2.54,228102.0,150672.0,1.51
20260828,000636.SZ,跳空缺口,55.45,2.48,1624630.0,1272110.0,1.28
20260828,002467.SZ,跳空缺口,4.68,2.18,417924.0,204657.0,2.04
20260828,000807.SZ,跳空缺口,27.23,2.02,907383.0,637116.0,1.42
20260828,002474.SZ,跳空缺口,6.34,1.93,314332.0,106238.0,2.96
20260828,000513.SZ,跳空缺口,26.76,1.87,93078.0,66704.8,1.4
20260828,002439.SZ,跳空缺口,13.67,1.86,354268.0,109094.0,3.25
20260828,002190.SZ,跳空缺口,25.99,1.84,294516.0,224982.0,1.31
20260828,300634.SZ,跳空缺口,19.55,1.82,130606.0,61773.5,2.11
20260828,002232.SZ,跳空缺口,14.45,1.69,53079.6,25458.0,2.08
20260828,002058.SZ,跳空缺口,17.03,1.49,49153.0,26224.2,1.87
20260828,300008.SZ,跳空缺口,6.29,1.13,437220.0,307271.0,1.42
20260828,002516.SZ,跳空缺口,5.44,1.12,138836.0,88528.0,1.57
20260828,002912.SZ,跳空缺口,19.31,1.05,33030.2,21324.0,1.55
20260828,300662.SZ,跳空缺口,20.21,0.85,57593.0,24646.0,2.34
20260828,002230.SZ,跳空缺口,40.06,0.73,301924.0,228996.0,1.32
20260828,300624.SZ,跳空缺口,47.22,0.7,115668.0,57089.6,2.03
20260828,300002.SZ,跳空缺口,8.03,0.63,287822.0,251185.0,1.15
20260828,002649.SZ,跳空缺口,9.82,0.51,259990.0,175585.0,1.48
20260828,300113.SZ,跳空缺口,16.28,0.43,223775.0,137216.0,1.63
20260828,300263.SZ,跳空缺口,10.62,0.38,539422.0,468261.0,1.15
20260828,002855.SZ,跳空放量涨幅,14.64,9.99,51251.0,14171.0,3.62
20260828,300170.SZ,跳空放量涨幅,16.64,8.76,1404540.0,320749.0,4.38
20260828,002155.SZ,跳空放量涨幅,28.92,7.03,1872940.0,141981.0,13.19
20260828,000912.SZ,放量涨幅,4.36,10.1,1128570.0,330970.0,3.41
20260828,002742.SZ,放量涨幅,6.24,10.05,2199020.0,99511.0,22.1
20260828,002915.SZ,放量涨幅,18.87,10.03,272037.0,63412.0,4.29
20260828,001288.SZ,放量涨幅,28.46,10.01,167697.0,27738.6,6.05
20260828,000062.SZ,放量涨幅,24.85,10.0,609597.0,164872.0,3.7
20260828,002679.SZ,放量涨幅,10.67,10.0,130153.0,35414.8,3.68
20260828,002855.SZ,放量涨幅,14.64,9.99,51251.0,14171.0,3.62
20260828,002942.SZ,放量涨幅,20.91,9.99,255169.0,22595.3,11.29
20260828,000565.SZ,放量涨幅,6.62,9.97,231899.0,70159.0,3.31
20260828,001376.SZ,放量涨幅,11.58,9.97,222902.0,60419.0,3.69
20260828,300237.SZ,放量涨幅,2.21,9.95,507017.0,75642.0,6.7
20260828,300170.SZ,放量涨幅,16.64,8.76,1404540.0,320749.0,4.38
20260828,300582.SZ,放量涨幅,12.01,7.62,184664.0,56567.0,3.26
20260828,000909.SZ,放量涨幅,4.49,7.16,66014.5,19013.0,3.47
20260828,002155.SZ,放量涨幅,28.92,7.03,1872940.0,141981.0,13.19
20260828,300637.SZ,放量涨幅,9.76,6.2,118371.0,33888.5,3.49
20260828,300378.SZ,跳空缺口,37.45,19.99,139684.0,76734.0,1.82
20260828,300319.SZ,跳空缺口,20.91,10.11,2045510.0,1389670.0,1.47
20260828,000059.SZ,跳空缺口,5.57,10.08,980896.0,534152.0,1.84
20260828,002084.SZ,跳空缺口,5.8,10.06,67244.9,52454.8,1.28
20260828,002396.SZ,跳空缺口,36.69,10.02,1148070.0,1023620.0,1.12
20260828,002631.SZ,跳空缺口,10.1,10.02,961703.0,347088.0,2.77
20260828,000560.SZ,跳空缺口,2.64,10.0,2487040.0,1612540.0,1.54
20260828,002212.SZ,跳空缺口,6.93,10.0,1097470.0,400088.0,2.74
20260828,002886.SZ,跳空缺口,26.4,10.0,42445.0,328531.0,0.13
20260828,000017.SZ,跳空缺口,11.45,9.99,1105710.0,595729.0,1.86
20260828,002855.SZ,跳空缺口,14.64,9.99,51251.0,14171.0,3.62
20260828,002279.SZ,跳空缺口,7.05,9.98,465031.0,159394.0,2.92
20260828,000712.SZ,跳空缺口,11.8,9.97,151564.0,147304.0,1.03
20260828,002354.SZ,跳空缺口,7.85,9.94,915562.0,1616290.0,0.57
20260828,002528.SZ,跳空缺口,6.65,9.02,476919.0,270907.0,1.76
20260828,300456.SZ,跳空缺口,40.4,9.01,1252810.0,819908.0,1.53
20260828,300170.SZ,跳空缺口,16.64,8.76,1404540.0,320749.0,4.38
20260828,002155.SZ,跳空缺口,28.92,7.03,1872940.0,141981.0,13.19
20260828,300094.SZ,跳空缺口,3.19,6.33,1143080.0,503281.0,2.27
20260828,002430.SZ,跳空缺口,26.11,5.92,458563.0,261599.0,1.75
20260828,002636.SZ,跳空缺口,73.18,5.43,952122.0,518534.0,1.84
20260828,300598.SZ,跳空缺口,33.59,4.87,231285.0,100506.0,2.3
20260828,300475.SZ,跳空缺口,172.1,4.09,428240.0,293733.0,1.46
20260828,000878.SZ,跳空缺口,17.85,4.08,1082060.0,599973.0,1.8
20260828,300454.SZ,跳空缺口,124.89,4.08,318614.0,164161.0,1.94
20260828,002573.SZ,跳空缺口,3.35,4.04,380155.0,124510.0,3.05
20260828,002466.SZ,跳空缺口,50.1,3.88,900296.0,339307.0,2.65
20260828,300369.SZ,跳空缺口,7.23,3.73,777839.0,387242.0,2.01
20260828,300516.SZ,跳空缺口,32.9,3.2,103419.0,42693.4,2.42
20260828,300441.SZ,跳空缺口,7.0,3.09,101952.0,39155.0,2.6
20260828,000928.SZ,跳空缺口,5.31,2.91,301238.0,137546.0,2.19
20260828,300659.SZ,跳空缺口,10.58,2.62,50311.6,25379.0,1.98
20260828,002961.SZ,跳空缺口,20.56,2.54,228102.0,150672.0,1.51
20260828,000636.SZ,跳空缺口,55.45,2.48,1624630.0,1272110.0,1.28
20260828,002467.SZ,跳空缺口,4.68,2.18,417924.0,204657.0,2.04
20260828,000807.SZ,跳空缺口,27.23,2.02,907383.0,637116.0,1.42
20260828,002474.SZ,跳空缺口,6.34,1.93,314332.0,106238.0,2.96
20260828,000513.SZ,跳空缺口,26.76,1.87,93078.0,66704.8,1.4
20260828,002439.SZ,跳空缺口,13.67,1.86,354268.0,109094.0,3.25
20260828,002190.SZ,跳空缺口,25.99,1.84,294516.0,224982.0,1.31
20260828,300634.SZ,跳空缺口,19.55,1.82,130606.0,61773.5,2.11
20260828,002232.SZ,跳空缺口,14.45,1.69,53079.6,25458.0,2.08
20260828,002058.SZ,跳空缺口,17.03,1.49,49153.0,26224.2,1.87
20260828,300008.SZ,跳空缺口,6.29,1.13,437220.0,307271.0,1.42
20260828,002516.SZ,跳空缺口,5.44,1.12,138836.0,88528.0,1.57
20260828,002912.SZ,跳空缺口,19.31,1.05,33030.2,21324.0,1.55
20260828,300662.SZ,跳空缺口,20.21,0.85,57593.0,24646.0,2.34
20260828,002230.SZ,跳空缺口,40.06,0.73,301924.0,228996.0,1.32
20260828,300624.SZ,跳空缺口,47.22,0.7,115668.0,57089.6,2.03
20260828,300002.SZ,跳空缺口,8.03,0.63,287822.0,251185.0,1.15
20260828,002649.SZ,跳空缺口,9.82,0.51,259990.0,175585.0,1.48
20260828,300113.SZ,跳空缺口,16.28,0.43,223775.0,137216.0,1.63
20260828,300263.SZ,跳空缺口,10.62,0.38,539422.0,468261.0,1.15
20260828,002855.SZ,跳空放量涨幅,14.64,9.99,51251.0,14171.0,3.62
20260828,300170.SZ,跳空放量涨幅,16.64,8.76,1404540.0,320749.0,4.38
20260828,002155.SZ,跳空放量涨幅,28.92,7.03,1872940.0,141981.0,13.19
20260828,920469.BJ,放量涨幅,6.99,23.94,165558.0,15877.2,10.43
20260828,920304.BJ,放量涨幅,10.75,15.22,102377.0,26534.4,3.86
20260828,920223.BJ,放量涨幅,12.18,12.99,83542.6,22675.7,3.68
20260828,301076.SZ,放量涨幅,22.96,10.6,196913.0,29758.6,6.62
20260828,000912.SZ,放量涨幅,4.36,10.1,1128570.0,330970.0,3.41
20260828,002742.SZ,放量涨幅,6.24,10.05,2199020.0,99511.0,22.1
20260828,603007.SH,放量涨幅,5.37,10.04,784652.0,137130.0,5.72
20260828,002915.SZ,放量涨幅,18.87,10.03,272037.0,63412.0,4.29
20260828,001288.SZ,放量涨幅,28.46,10.01,167697.0,27738.6,6.05
20260828,000062.SZ,放量涨幅,24.85,10.0,609597.0,164872.0,3.7
20260828,002679.SZ,放量涨幅,10.67,10.0,130153.0,35414.8,3.68
20260828,002855.SZ,放量涨幅,14.64,9.99,51251.0,14171.0,3.62
20260828,002942.SZ,放量涨幅,20.91,9.99,255169.0,22595.3,11.29
20260828,600689.SH,放量涨幅,12.22,9.99,97633.0,18197.0,5.37
20260828,603559.SH,放量涨幅,9.58,9.99,281956.0,69959.4,4.03
20260828,000565.SZ,放量涨幅,6.62,9.97,231899.0,70159.0,3.31
20260828,001376.SZ,放量涨幅,11.58,9.97,222902.0,60419.0,3.69
20260828,600551.SH,放量涨幅,7.5,9.97,185136.0,49040.4,3.78
20260828,300237.SZ,放量涨幅,2.21,9.95,507017.0,75642.0,6.7
20260828,601222.SH,放量涨幅,6.09,9.93,987314.0,160051.0,6.17
20260828,300170.SZ,放量涨幅,16.64,8.76,1404540.0,320749.0,4.38
20260828,603596.SH,放量涨幅,28.0,8.11,450345.0,103933.0,4.33
20260828,300833.SZ,放量涨幅,39.57,7.79,33884.3,5056.5,6.7
20260828,300582.SZ,放量涨幅,12.01,7.62,184664.0,56567.0,3.26
20260828,000909.SZ,放量涨幅,4.49,7.16,66014.5,19013.0,3.47
20260828,300876.SZ,放量涨幅,16.61,7.16,91226.6,17806.8,5.12
20260828,002155.SZ,放量涨幅,28.92,7.03,1872940.0,141981.0,13.19
20260828,603100.SH,放量涨幅,19.05,6.96,166163.0,31995.2,5.19
20260828,603822.SH,放量涨幅,61.52,6.82,17538.0,5041.0,3.48
20260828,600613.SH,放量涨幅,12.4,6.8,1981620.0,583636.0,3.4
20260828,601360.SH,放量涨幅,9.3,6.65,2354720.0,743027.0,3.17
20260828,301330.SZ,放量涨幅,25.56,6.59,99963.4,15867.4,6.3
20260828,300986.SZ,放量涨幅,12.43,6.51,663084.0,187026.0,3.55
20260828,300637.SZ,放量涨幅,9.76,6.2,118371.0,33888.5,3.49
20260828,603683.SH,放量涨幅,16.95,6.2,488869.0,142452.0,3.43
20260828,301309.SZ,放量涨幅,30.84,6.16,38106.0,9709.57,3.92
20260828,920145.BJ,放量涨幅,10.3,6.08,11840.1,3237.34,3.66
20260828,920247.BJ,放量涨幅,14.78,6.03,52774.6,10738.5,4.91
20260828,920469.BJ,跳空缺口,6.99,23.94,165558.0,15877.2,10.43
20260828,300378.SZ,跳空缺口,37.45,19.99,139684.0,76734.0,1.82
20260828,301591.SZ,跳空缺口,57.5,14.09,270682.0,164159.0,1.65
20260828,301076.SZ,跳空缺口,22.96,10.6,196913.0,29758.6,6.62
20260828,300319.SZ,跳空缺口,20.91,10.11,2045510.0,1389670.0,1.47
20260828,000059.SZ,跳空缺口,5.57,10.08,980896.0,534152.0,1.84
20260828,002084.SZ,跳空缺口,5.8,10.06,67244.9,52454.8,1.28
20260828,600162.SH,跳空缺口,5.36,10.06,1534410.0,1350840.0,1.14
20260828,601086.SH,跳空缺口,8.34,10.03,179972.0,81408.0,2.21
20260828,002396.SZ,跳空缺口,36.69,10.02,1148070.0,1023620.0,1.12
20260828,002631.SZ,跳空缺口,10.1,10.02,961703.0,347088.0,2.77
20260828,600540.SH,跳空缺口,5.05,10.02,51664.2,88621.5,0.58
20260828,600929.SH,跳空缺口,6.04,10.02,288534.0,206878.0,1.39
20260828,603269.SH,跳空缺口,22.18,10.02,155268.0,266621.0,0.58
20260828,600371.SH,跳空缺口,11.54,10.01,49086.4,162297.0,0.3
20260828,600378.SH,跳空缺口,53.31,10.01,558371.0,299061.0,1.87
20260828,000560.SZ,跳空缺口,2.64,10.0,2487040.0,1612540.0,1.54
20260828,002212.SZ,跳空缺口,6.93,10.0,1097470.0,400088.0,2.74
20260828,002886.SZ,跳空缺口,26.4,10.0,42445.0,328531.0,0.13
20260828,600654.SH,跳空缺口,3.63,10.0,1165950.0,1012540.0,1.15
20260828,603171.SH,跳空缺口,44.34,10.0,143283.0,58678.5,2.44
20260828,000017.SZ,跳空缺口,11.45,9.99,1105710.0,595729.0,1.86
20260828,002855.SZ,跳空缺口,14.64,9.99,51251.0,14171.0,3.62
20260828,002279.SZ,跳空缺口,7.05,9.98,465031.0,159394.0,2.92
20260828,000712.SZ,跳空缺口,11.8,9.97,151564.0,147304.0,1.03
20260828,600551.SH,跳空缺口,7.5,9.97,185136.0,49040.4,3.78
20260828,002354.SZ,跳空缺口,7.85,9.94,915562.0,1616290.0,0.57
20260828,603900.SH,跳空缺口,7.85,9.94,223061.0,277107.0,0.8
20260828,601222.SH,跳空缺口,6.09,9.93,987314.0,160051.0,6.17
20260828,002528.SZ,跳空缺口,6.65,9.02,476919.0,270907.0,1.76
20260828,300456.SZ,跳空缺口,40.4,9.01,1252810.0,819908.0,1.53
20260828,300170.SZ,跳空缺口,16.64,8.76,1404540.0,320749.0,4.38
20260828,300798.SZ,跳空缺口,8.55,8.5,593250.0,524474.0,1.13
20260828,603596.SH,跳空缺口,28.0,8.11,450345.0,103933.0,4.33
20260828,001232.SZ,跳空缺口,175.01,8.01,139312.0,86768.5,1.61
20260828,300833.SZ,跳空缺口,39.57,7.79,33884.3,5056.5,6.7
20260828,002155.SZ,跳空缺口,28.92,7.03,1872940.0,141981.0,13.19
20260828,603100.SH,跳空缺口,19.05,6.96,166163.0,31995.2,5.19
20260828,601360.SH,跳空缺口,9.3,6.65,2354720.0,743027.0,3.17
20260828,301330.SZ,跳空缺口,25.56,6.59,99963.4,15867.4,6.3
20260828,301629.SZ,跳空缺口,309.85,6.48,28027.2,19603.0,1.43
20260828,300094.SZ,跳空缺口,3.19,6.33,1143080.0,503281.0,2.27
20260828,301309.SZ,跳空缺口,30.84,6.16,38106.0,9709.57,3.92
20260828,920247.BJ,跳空缺口,14.78,6.03,52774.6,10738.5,4.91
20260828,002430.SZ,跳空缺口,26.11,5.92,458563.0,261599.0,1.75
20260828,603587.SH,跳空缺口,12.33,5.75,73914.2,19167.0,3.86
20260828,301111.SZ,跳空缺口,24.02,5.58,197646.0,69063.2,2.86
20260828,002636.SZ,跳空缺口,73.18,5.43,952122.0,518534.0,1.84
20260828,600278.SH,跳空缺口,6.67,5.21,197708.0,38442.1,5.14
20260828,300598.SZ,跳空缺口,33.59,4.87,231285.0,100506.0,2.3
20260828,300838.SZ,跳空缺口,14.59,4.81,87613.0,13384.2,6.55
20260828,600737.SH,跳空缺口,16.03,4.57,1128490.0,982476.0,1.15
20260828,601975.SH,跳空缺口,4.15,4.53,2419900.0,1405370.0,1.72
20260828,603002.SH,跳空缺口,17.67,4.49,1290720.0,586609.0,2.2
20260828,601208.SH,跳空缺口,51.28,4.44,927746.0,791544.0,1.17
20260828,300475.SZ,跳空缺口,172.1,4.09,428240.0,293733.0,1.46
20260828,000878.SZ,跳空缺口,17.85,4.08,1082060.0,599973.0,1.8
20260828,300454.SZ,跳空缺口,124.89,4.08,318614.0,164161.0,1.94
20260828,002573.SZ,跳空缺口,3.35,4.04,380155.0,124510.0,3.05
20260828,600557.SH,跳空缺口,12.94,4.02,156784.0,71571.2,2.19
20260828,603808.SH,跳空缺口,8.82,4.01,55079.8,31392.0,1.75
20260828,002466.SZ,跳空缺口,50.1,3.88,900296.0,339307.0,2.65
20260828,300369.SZ,跳空缺口,7.23,3.73,777839.0,387242.0,2.01
20260828,603580.SH,跳空缺口,83.43,3.61,140016.0,84427.3,1.66
20260828,301367.SZ,跳空缺口,46.52,3.45,80902.2,13369.4,6.05
20260828,301055.SZ,跳空缺口,30.5,3.25,119341.0,38862.8,3.07
20260828,603938.SH,跳空缺口,46.41,3.23,344981.0,130904.0,2.64
20260828,300516.SZ,跳空缺口,32.9,3.2,103419.0,42693.4,2.42
20260828,300441.SZ,跳空缺口,7.0,3.09,101952.0,39155.0,2.6
20260828,000928.SZ,跳空缺口,5.31,2.91,301238.0,137546.0,2.19
20260828,600210.SH,跳空缺口,6.21,2.81,494992.0,149602.0,3.31
20260828,301566.SZ,跳空缺口,26.13,2.67,317073.0,194419.0,1.63
20260828,300659.SZ,跳空缺口,10.58,2.62,50311.6,25379.0,1.98
20260828,301185.SZ,跳空缺口,16.88,2.61,35502.8,10887.2,3.26
20260828,920207.BJ,跳空缺口,21.6,2.61,33983.1,12518.9,2.71
20260828,002961.SZ,跳空缺口,20.56,2.54,228102.0,150672.0,1.51
20260828,301159.SZ,跳空缺口,32.35,2.54,44393.0,15137.0,2.93
20260828,600160.SH,跳空缺口,40.54,2.53,487849.0,384244.0,1.27
20260828,600536.SH,跳空缺口,33.77,2.52,433816.0,239414.0,1.81
20260828,000636.SZ,跳空缺口,55.45,2.48,1624630.0,1272110.0,1.28
20260828,600641.SH,跳空缺口,34.8,2.35,1123010.0,599921.0,1.87
20260828,605020.SH,跳空缺口,34.35,2.35,207211.0,170106.0,1.22
20260828,603618.SH,跳空缺口,35.92,2.31,1909500.0,669805.0,2.85
20260828,002467.SZ,跳空缺口,4.68,2.18,417924.0,204657.0,2.04
20260828,301085.SZ,跳空缺口,60.6,2.16,67136.9,31716.3,2.12
20260828,000807.SZ,跳空缺口,27.23,2.02,907383.0,637116.0,1.42
20260828,002474.SZ,跳空缺口,6.34,1.93,314332.0,106238.0,2.96
20260828,601872.SH,跳空缺口,18.98,1.93,864362.0,902383.0,0.96
20260828,000513.SZ,跳空缺口,26.76,1.87,93078.0,66704.8,1.4
20260828,002439.SZ,跳空缺口,13.67,1.86,354268.0,109094.0,3.25
20260828,002190.SZ,跳空缺口,25.99,1.84,294516.0,224982.0,1.31
20260828,300634.SZ,跳空缺口,19.55,1.82,130606.0,61773.5,2.11
20260828,920021.BJ,跳空缺口,6.81,1.79,158987.0,73318.3,2.17
20260828,002232.SZ,跳空缺口,14.45,1.69,53079.6,25458.0,2.08
20260828,603662.SH,跳空缺口,50.48,1.65,66101.3,27989.4,2.36
20260828,301378.SZ,跳空缺口,24.8,1.6,49366.6,15176.4,3.25
20260828,603915.SH,跳空缺口,13.43,1.59,73855.8,29782.4,2.48
20260828,605168.SH,跳空缺口,47.31,1.57,61691.7,49462.3,1.25
20260828,300768.SZ,跳空缺口,14.93,1.56,105376.0,40662.5,2.59
20260828,002058.SZ,跳空缺口,17.03,1.49,49153.0,26224.2,1.87
20260828,301666.SZ,跳空缺口,475.86,1.42,79526.6,20721.1,3.84
20260828,920227.BJ,跳空缺口,48.41,1.28,5149.1,3037.85,1.69
20260828,603619.SH,跳空缺口,24.09,1.26,243637.0,322797.0,0.75
20260828,301599.SZ,跳空缺口,34.81,1.25,60284.1,44118.1,1.37
20260828,300008.SZ,跳空缺口,6.29,1.13,437220.0,307271.0,1.42
20260828,002516.SZ,跳空缺口,5.44,1.12,138836.0,88528.0,1.57
20260828,002912.SZ,跳空缺口,19.31,1.05,33030.2,21324.0,1.55
20260828,603232.SH,跳空缺口,15.43,0.92,160829.0,56956.0,2.82
20260828,300662.SZ,跳空缺口,20.21,0.85,57593.0,24646.0,2.34
20260828,600845.SH,跳空缺口,17.61,0.8,154674.0,115972.0,1.33
20260828,002230.SZ,跳空缺口,40.06,0.73,301924.0,228996.0,1.32
20260828,300624.SZ,跳空缺口,47.22,0.7,115668.0,57089.6,2.03
20260828,300002.SZ,跳空缺口,8.03,0.63,287822.0,251185.0,1.15
20260828,920924.BJ,跳空缺口,14.34,0.63,14568.5,8281.91,1.76
20260828,603859.SH,跳空缺口,37.44,0.54,90313.4,41807.0,2.16
20260828,002649.SZ,跳空缺口,9.82,0.51,259990.0,175585.0,1.48
20260828,603135.SH,跳空缺口,9.14,0.44,177036.0,56144.0,3.15
20260828,300113.SZ,跳空缺口,16.28,0.43,223775.0,137216.0,1.63
20260828,300263.SZ,跳空缺口,10.62,0.38,539422.0,468261.0,1.15
20260828,920469.BJ,跳空放量涨幅,6.99,23.94,165558.0,15877.2,10.43
20260828,301076.SZ,跳空放量涨幅,22.96,10.6,196913.0,29758.6,6.62
20260828,002855.SZ,跳空放量涨幅,14.64,9.99,51251.0,14171.0,3.62
20260828,600551.SH,跳空放量涨幅,7.5,9.97,185136.0,49040.4,3.78
20260828,601222.SH,跳空放量涨幅,6.09,9.93,987314.0,160051.0,6.17
20260828,300170.SZ,跳空放量涨幅,16.64,8.76,1404540.0,320749.0,4.38
20260828,603596.SH,跳空放量涨幅,28.0,8.11,450345.0,103933.0,4.33
20260828,300833.SZ,跳空放量涨幅,39.57,7.79,33884.3,5056.5,6.7
20260828,002155.SZ,跳空放量涨幅,28.92,7.03,1872940.0,141981.0,13.19
20260828,603100.SH,跳空放量涨幅,19.05,6.96,166163.0,31995.2,5.19
20260828,601360.SH,跳空放量涨幅,9.3,6.65,2354720.0,743027.0,3.17
20260828,301330.SZ,跳空放量涨幅,25.56,6.59,99963.4,15867.4,6.3
20260828,301309.SZ,跳空放量涨幅,30.84,6.16,38106.0,9709.57,3.92
20260828,920247.BJ,跳空放量涨幅,14.78,6.03,52774.6,10738.5,4.91
20260828,920469.BJ,放量涨幅,6.99,23.94,165558.0,15877.2,10.43
20260828,920304.BJ,放量涨幅,10.75,15.22,102377.0,26534.4,3.86
20260828,920223.BJ,放量涨幅,12.18,12.99,83542.6,22675.7,3.68
20260828,301076.SZ,放量涨幅,22.96,10.6,196913.0,29758.6,6.62
20260828,000912.SZ,放量涨幅,4.36,10.1,1128570.0,330970.0,3.41
20260828,002742.SZ,放量涨幅,6.24,10.05,2199020.0,99511.0,22.1
20260828,603007.SH,放量涨幅,5.37,10.04,784652.0,137130.0,5.72
20260828,002915.SZ,放量涨幅,18.87,10.03,272037.0,63412.0,4.29
20260828,001288.SZ,放量涨幅,28.46,10.01,167697.0,27738.6,6.05
20260828,000062.SZ,放量涨幅,24.85,10.0,609597.0,164872.0,3.7
20260828,002679.SZ,放量涨幅,10.67,10.0,130153.0,35414.8,3.68
20260828,002855.SZ,放量涨幅,14.64,9.99,51251.0,14171.0,3.62
20260828,002942.SZ,放量涨幅,20.91,9.99,255169.0,22595.3,11.29
20260828,600689.SH,放量涨幅,12.22,9.99,97633.0,18197.0,5.37
20260828,603559.SH,放量涨幅,9.58,9.99,281956.0,69959.4,4.03
20260828,000565.SZ,放量涨幅,6.62,9.97,231899.0,70159.0,3.31
20260828,001376.SZ,放量涨幅,11.58,9.97,222902.0,60419.0,3.69
20260828,600551.SH,放量涨幅,7.5,9.97,185136.0,49040.4,3.78
20260828,300237.SZ,放量涨幅,2.21,9.95,507017.0,75642.0,6.7
20260828,601222.SH,放量涨幅,6.09,9.93,987314.0,160051.0,6.17
20260828,300170.SZ,放量涨幅,16.64,8.76,1404540.0,320749.0,4.38
20260828,603596.SH,放量涨幅,28.0,8.11,450345.0,103933.0,4.33
20260828,300833.SZ,放量涨幅,39.57,7.79,33884.3,5056.5,6.7
20260828,300582.SZ,放量涨幅,12.01,7.62,184664.0,56567.0,3.26
20260828,000909.SZ,放量涨幅,4.49,7.16,66014.5,19013.0,3.47
20260828,300876.SZ,放量涨幅,16.61,7.16,91226.6,17806.8,5.12
20260828,002155.SZ,放量涨幅,28.92,7.03,1872940.0,141981.0,13.19
20260828,603100.SH,放量涨幅,19.05,6.96,166163.0,31995.2,5.19
20260828,603822.SH,放量涨幅,61.52,6.82,17538.0,5041.0,3.48
20260828,600613.SH,放量涨幅,12.4,6.8,1981620.0,583636.0,3.4
20260828,601360.SH,放量涨幅,9.3,6.65,2354720.0,743027.0,3.17
20260828,301330.SZ,放量涨幅,25.56,6.59,99963.4,15867.4,6.3
20260828,300986.SZ,放量涨幅,12.43,6.51,663084.0,187026.0,3.55
20260828,300637.SZ,放量涨幅,9.76,6.2,118371.0,33888.5,3.49
20260828,603683.SH,放量涨幅,16.95,6.2,488869.0,142452.0,3.43
20260828,301309.SZ,放量涨幅,30.84,6.16,38106.0,9709.57,3.92
20260828,920145.BJ,放量涨幅,10.3,6.08,11840.1,3237.34,3.66
20260828,920247.BJ,放量涨幅,14.78,6.03,52774.6,10738.5,4.91
20260828,920469.BJ,跳空缺口,6.99,23.94,165558.0,15877.2,10.43
20260828,300378.SZ,跳空缺口,37.45,19.99,139684.0,76734.0,1.82
20260828,301591.SZ,跳空缺口,57.5,14.09,270682.0,164159.0,1.65
20260828,301076.SZ,跳空缺口,22.96,10.6,196913.0,29758.6,6.62
20260828,300319.SZ,跳空缺口,20.91,10.11,2045510.0,1389670.0,1.47
20260828,000059.SZ,跳空缺口,5.57,10.08,980896.0,534152.0,1.84
20260828,002084.SZ,跳空缺口,5.8,10.06,67244.9,52454.8,1.28
20260828,600162.SH,跳空缺口,5.36,10.06,1534410.0,1350840.0,1.14
20260828,601086.SH,跳空缺口,8.34,10.03,179972.0,81408.0,2.21
20260828,002396.SZ,跳空缺口,36.69,10.02,1148070.0,1023620.0,1.12
20260828,002631.SZ,跳空缺口,10.1,10.02,961703.0,347088.0,2.77
20260828,600540.SH,跳空缺口,5.05,10.02,51664.2,88621.5,0.58
20260828,600929.SH,跳空缺口,6.04,10.02,288534.0,206878.0,1.39
20260828,603269.SH,跳空缺口,22.18,10.02,155268.0,266621.0,0.58
20260828,600371.SH,跳空缺口,11.54,10.01,49086.4,162297.0,0.3
20260828,600378.SH,跳空缺口,53.31,10.01,558371.0,299061.0,1.87
20260828,000560.SZ,跳空缺口,2.64,10.0,2487040.0,1612540.0,1.54
20260828,002212.SZ,跳空缺口,6.93,10.0,1097470.0,400088.0,2.74
20260828,002886.SZ,跳空缺口,26.4,10.0,42445.0,328531.0,0.13
20260828,600654.SH,跳空缺口,3.63,10.0,1165950.0,1012540.0,1.15
20260828,603171.SH,跳空缺口,44.34,10.0,143283.0,58678.5,2.44
20260828,000017.SZ,跳空缺口,11.45,9.99,1105710.0,595729.0,1.86
20260828,002855.SZ,跳空缺口,14.64,9.99,51251.0,14171.0,3.62
20260828,002279.SZ,跳空缺口,7.05,9.98,465031.0,159394.0,2.92
20260828,000712.SZ,跳空缺口,11.8,9.97,151564.0,147304.0,1.03
20260828,600551.SH,跳空缺口,7.5,9.97,185136.0,49040.4,3.78
20260828,002354.SZ,跳空缺口,7.85,9.94,915562.0,1616290.0,0.57
20260828,603900.SH,跳空缺口,7.85,9.94,223061.0,277107.0,0.8
20260828,601222.SH,跳空缺口,6.09,9.93,987314.0,160051.0,6.17
20260828,002528.SZ,跳空缺口,6.65,9.02,476919.0,270907.0,1.76
20260828,300456.SZ,跳空缺口,40.4,9.01,1252810.0,819908.0,1.53
20260828,300170.SZ,跳空缺口,16.64,8.76,1404540.0,320749.0,4.38
20260828,300798.SZ,跳空缺口,8.55,8.5,593250.0,524474.0,1.13
20260828,603596.SH,跳空缺口,28.0,8.11,450345.0,103933.0,4.33
20260828,001232.SZ,跳空缺口,175.01,8.01,139312.0,86768.5,1.61
20260828,300833.SZ,跳空缺口,39.57,7.79,33884.3,5056.5,6.7
20260828,002155.SZ,跳空缺口,28.92,7.03,1872940.0,141981.0,13.19
20260828,603100.SH,跳空缺口,19.05,6.96,166163.0,31995.2,5.19
20260828,601360.SH,跳空缺口,9.3,6.65,2354720.0,743027.0,3.17
20260828,301330.SZ,跳空缺口,25.56,6.59,99963.4,15867.4,6.3
20260828,301629.SZ,跳空缺口,309.85,6.48,28027.2,19603.0,1.43
20260828,300094.SZ,跳空缺口,3.19,6.33,1143080.0,503281.0,2.27
20260828,301309.SZ,跳空缺口,30.84,6.16,38106.0,9709.57,3.92
20260828,920247.BJ,跳空缺口,14.78,6.03,52774.6,10738.5,4.91
20260828,002430.SZ,跳空缺口,26.11,5.92,458563.0,261599.0,1.75
20260828,603587.SH,跳空缺口,12.33,5.75,73914.2,19167.0,3.86
20260828,301111.SZ,跳空缺口,24.02,5.58,197646.0,69063.2,2.86
20260828,002636.SZ,跳空缺口,73.18,5.43,952122.0,518534.0,1.84
20260828,600278.SH,跳空缺口,6.67,5.21,197708.0,38442.1,5.14
20260828,300598.SZ,跳空缺口,33.59,4.87,231285.0,100506.0,2.3
20260828,300838.SZ,跳空缺口,14.59,4.81,87613.0,13384.2,6.55
20260828,600737.SH,跳空缺口,16.03,4.57,1128490.0,982476.0,1.15
20260828,601975.SH,跳空缺口,4.15,4.53,2419900.0,1405370.0,1.72
20260828,603002.SH,跳空缺口,17.67,4.49,1290720.0,586609.0,2.2
20260828,601208.SH,跳空缺口,51.28,4.44,927746.0,791544.0,1.17
20260828,300475.SZ,跳空缺口,172.1,4.09,428240.0,293733.0,1.46
20260828,000878.SZ,跳空缺口,17.85,4.08,1082060.0,599973.0,1.8
20260828,300454.SZ,跳空缺口,124.89,4.08,318614.0,164161.0,1.94
20260828,002573.SZ,跳空缺口,3.35,4.04,380155.0,124510.0,3.05
20260828,600557.SH,跳空缺口,12.94,4.02,156784.0,71571.2,2.19
20260828,603808.SH,跳空缺口,8.82,4.01,55079.8,31392.0,1.75
20260828,002466.SZ,跳空缺口,50.1,3.88,900296.0,339307.0,2.65
20260828,300369.SZ,跳空缺口,7.23,3.73,777839.0,387242.0,2.01
20260828,603580.SH,跳空缺口,83.43,3.61,140016.0,84427.3,1.66
20260828,301367.SZ,跳空缺口,46.52,3.45,80902.2,13369.4,6.05
20260828,301055.SZ,跳空缺口,30.5,3.25,119341.0,38862.8,3.07
20260828,603938.SH,跳空缺口,46.41,3.23,344981.0,130904.0,2.64
20260828,300516.SZ,跳空缺口,32.9,3.2,103419.0,42693.4,2.42
20260828,300441.SZ,跳空缺口,7.0,3.09,101952.0,39155.0,2.6
20260828,000928.SZ,跳空缺口,5.31,2.91,301238.0,137546.0,2.19
20260828,600210.SH,跳空缺口,6.21,2.81,494992.0,149602.0,3.31
20260828,301566.SZ,跳空缺口,26.13,2.67,317073.0,194419.0,1.63
20260828,300659.SZ,跳空缺口,10.58,2.62,50311.6,25379.0,1.98
20260828,301185.SZ,跳空缺口,16.88,2.61,35502.8,10887.2,3.26
20260828,920207.BJ,跳空缺口,21.6,2.61,33983.1,12518.9,2.71
20260828,002961.SZ,跳空缺口,20.56,2.54,228102.0,150672.0,1.51
20260828,301159.SZ,跳空缺口,32.35,2.54,44393.0,15137.0,2.93
20260828,600160.SH,跳空缺口,40.54,2.53,487849.0,384244.0,1.27
20260828,600536.SH,跳空缺口,33.77,2.52,433816.0,239414.0,1.81
20260828,000636.SZ,跳空缺口,55.45,2.48,1624630.0,1272110.0,1.28
20260828,600641.SH,跳空缺口,34.8,2.35,1123010.0,599921.0,1.87
20260828,605020.SH,跳空缺口,34.35,2.35,207211.0,170106.0,1.22
20260828,603618.SH,跳空缺口,35.92,2.31,1909500.0,669805.0,2.85
20260828,002467.SZ,跳空缺口,4.68,2.18,417924.0,204657.0,2.04
20260828,301085.SZ,跳空缺口,60.6,2.16,67136.9,31716.3,2.12
20260828,000807.SZ,跳空缺口,27.23,2.02,907383.0,637116.0,1.42
20260828,002474.SZ,跳空缺口,6.34,1.93,314332.0,106238.0,2.96
20260828,601872.SH,跳空缺口,18.98,1.93,864362.0,902383.0,0.96
20260828,000513.SZ,跳空缺口,26.76,1.87,93078.0,66704.8,1.4
20260828,002439.SZ,跳空缺口,13.67,1.86,354268.0,109094.0,3.25
20260828,002190.SZ,跳空缺口,25.99,1.84,294516.0,224982.0,1.31
20260828,300634.SZ,跳空缺口,19.55,1.82,130606.0,61773.5,2.11
20260828,920021.BJ,跳空缺口,6.81,1.79,158987.0,73318.3,2.17
20260828,002232.SZ,跳空缺口,14.45,1.69,53079.6,25458.0,2.08
20260828,603662.SH,跳空缺口,50.48,1.65,66101.3,27989.4,2.36
20260828,301378.SZ,跳空缺口,24.8,1.6,49366.6,15176.4,3.25
20260828,603915.SH,跳空缺口,13.43,1.59,73855.8,29782.4,2.48
20260828,605168.SH,跳空缺口,47.31,1.57,61691.7,49462.3,1.25
20260828,300768.SZ,跳空缺口,14.93,1.56,105376.0,40662.5,2.59
20260828,002058.SZ,跳空缺口,17.03,1.49,49153.0,26224.2,1.87
20260828,301666.SZ,跳空缺口,475.86,1.42,79526.6,20721.1,3.84
20260828,920227.BJ,跳空缺口,48.41,1.28,5149.1,3037.85,1.69
20260828,603619.SH,跳空缺口,24.09,1.26,243637.0,322797.0,0.75
20260828,301599.SZ,跳空缺口,34.81,1.25,60284.1,44118.1,1.37
20260828,300008.SZ,跳空缺口,6.29,1.13,437220.0,307271.0,1.42
20260828,002516.SZ,跳空缺口,5.44,1.12,138836.0,88528.0,1.57
20260828,002912.SZ,跳空缺口,19.31,1.05,33030.2,21324.0,1.55
20260828,603232.SH,跳空缺口,15.43,0.92,160829.0,56956.0,2.82
20260828,300662.SZ,跳空缺口,20.21,0.85,57593.0,24646.0,2.34
20260828,600845.SH,跳空缺口,17.61,0.8,154674.0,115972.0,1.33
20260828,002230.SZ,跳空缺口,40.06,0.73,301924.0,228996.0,1.32
20260828,300624.SZ,跳空缺口,47.22,0.7,115668.0,57089.6,2.03
20260828,300002.SZ,跳空缺口,8.03,0.63,287822.0,251185.0,1.15
20260828,920924.BJ,跳空缺口,14.34,0.63,14568.5,8281.91,1.76
20260828,603859.SH,跳空缺口,37.44,0.54,90313.4,41807.0,2.16
20260828,002649.SZ,跳空缺口,9.82,0.51,259990.0,175585.0,1.48
20260828,603135.SH,跳空缺口,9.14,0.44,177036.0,56144.0,3.15
20260828,300113.SZ,跳空缺口,16.28,0.43,223775.0,137216.0,1.63
20260828,300263.SZ,跳空缺口,10.62,0.38,539422.0,468261.0,1.15
20260828,920469.BJ,跳空放量涨幅,6.99,23.94,165558.0,15877.2,10.43
20260828,301076.SZ,跳空放量涨幅,22.96,10.6,196913.0,29758.6,6.62
20260828,002855.SZ,跳空放量涨幅,14.64,9.99,51251.0,14171.0,3.62
20260828,600551.SH,跳空放量涨幅,7.5,9.97,185136.0,49040.4,3.78
20260828,601222.SH,跳空放量涨幅,6.09,9.93,987314.0,160051.0,6.17
20260828,300170.SZ,跳空放量涨幅,16.64,8.76,1404540.0,320749.0,4.38
20260828,603596.SH,跳空放量涨幅,28.0,8.11,450345.0,103933.0,4.33
20260828,300833.SZ,跳空放量涨幅,39.57,7.79,33884.3,5056.5,6.7
20260828,002155.SZ,跳空放量涨幅,28.92,7.03,1872940.0,141981.0,13.19
20260828,603100.SH,跳空放量涨幅,19.05,6.96,166163.0,31995.2,5.19
20260828,601360.SH,跳空放量涨幅,9.3,6.65,2354720.0,743027.0,3.17
20260828,301330.SZ,跳空放量涨幅,25.56,6.59,99963.4,15867.4,6.3
20260828,301309.SZ,跳空放量涨幅,30.84,6.16,38106.0,9709.57,3.92
20260828,920247.BJ,跳空放量涨幅,14.78,6.03,52774.6,10738.5,4.91
20260828,920469.BJ,放量涨幅,6.99,23.94,165558.0,15877.2,10.43
20260828,920304.BJ,放量涨幅,10.75,15.22,102377.0,26534.4,3.86
20260828,920223.BJ,放量涨幅,12.18,12.99,83542.6,22675.7,3.68
20260828,301076.SZ,放量涨幅,22.96,10.6,196913.0,29758.6,6.62
20260828,000912.SZ,放量涨幅,4.36,10.1,1128570.0,330970.0,3.41
20260828,002742.SZ,放量涨幅,6.24,10.05,2199020.0,99511.0,22.1
20260828,603007.SH,放量涨幅,5.37,10.04,784652.0,137130.0,5.72
20260828,002915.SZ,放量涨幅,18.87,10.03,272037.0,63412.0,4.29
20260828,001288.SZ,放量涨幅,28.46,10.01,167697.0,27738.6,6.05
20260828,000062.SZ,放量涨幅,24.85,10.0,609597.0,164872.0,3.7
20260828,002679.SZ,放量涨幅,10.67,10.0,130153.0,35414.8,3.68
20260828,002855.SZ,放量涨幅,14.64,9.99,51251.0,14171.0,3.62
20260828,002942.SZ,放量涨幅,20.91,9.99,255169.0,22595.3,11.29
20260828,600689.SH,放量涨幅,12.22,9.99,97633.0,18197.0,5.37
20260828,603559.SH,放量涨幅,9.58,9.99,281956.0,69959.4,4.03
20260828,000565.SZ,放量涨幅,6.62,9.97,231899.0,70159.0,3.31
20260828,001376.SZ,放量涨幅,11.58,9.97,222902.0,60419.0,3.69
20260828,600551.SH,放量涨幅,7.5,9.97,185136.0,49040.4,3.78
20260828,300237.SZ,放量涨幅,2.21,9.95,507017.0,75642.0,6.7
20260828,601222.SH,放量涨幅,6.09,9.93,987314.0,160051.0,6.17
20260828,300170.SZ,放量涨幅,16.64,8.76,1404540.0,320749.0,4.38
20260828,603596.SH,放量涨幅,28.0,8.11,450345.0,103933.0,4.33
20260828,300833.SZ,放量涨幅,39.57,7.79,33884.3,5056.5,6.7
20260828,300582.SZ,放量涨幅,12.01,7.62,184664.0,56567.0,3.26
20260828,000909.SZ,放量涨幅,4.49,7.16,66014.5,19013.0,3.47
20260828,300876.SZ,放量涨幅,16.61,7.16,91226.6,17806.8,5.12
20260828,002155.SZ,放量涨幅,28.92,7.03,1872940.0,141981.0,13.19
20260828,603100.SH,放量涨幅,19.05,6.96,166163.0,31995.2,5.19
20260828,603822.SH,放量涨幅,61.52,6.82,17538.0,5041.0,3.48
20260828,600613.SH,放量涨幅,12.4,6.8,1981620.0,583636.0,3.4
20260828,601360.SH,放量涨幅,9.3,6.65,2354720.0,743027.0,3.17
20260828,301330.SZ,放量涨幅,25.56,6.59,99963.4,15867.4,6.3
20260828,300986.SZ,放量涨幅,12.43,6.51,663084.0,187026.0,3.55
20260828,300637.SZ,放量涨幅,9.76,6.2,118371.0,33888.5,3.49
20260828,603683.SH,放量涨幅,16.95,6.2,488869.0,142452.0,3.43
20260828,301309.SZ,放量涨幅,30.84,6.16,38106.0,9709.57,3.92
20260828,920145.BJ,放量涨幅,10.3,6.08,11840.1,3237.34,3.66
20260828,920247.BJ,放量涨幅,14.78,6.03,52774.6,10738.5,4.91
20260828,920469.BJ,跳空缺口,6.99,23.94,165558.0,15877.2,10.43
20260828,300378.SZ,跳空缺口,37.45,19.99,139684.0,76734.0,1.82
20260828,301591.SZ,跳空缺口,57.5,14.09,270682.0,164159.0,1.65
20260828,301076.SZ,跳空缺口,22.96,10.6,196913.0,29758.6,6.62
20260828,300319.SZ,跳空缺口,20.91,10.11,2045510.0,1389670.0,1.47
20260828,000059.SZ,跳空缺口,5.57,10.08,980896.0,534152.0,1.84
20260828,002084.SZ,跳空缺口,5.8,10.06,67244.9,52454.8,1.28
20260828,600162.SH,跳空缺口,5.36,10.06,1534410.0,1350840.0,1.14
20260828,601086.SH,跳空缺口,8.34,10.03,179972.0,81408.0,2.21
20260828,002396.SZ,跳空缺口,36.69,10.02,1148070.0,1023620.0,1.12
20260828,002631.SZ,跳空缺口,10.1,10.02,961703.0,347088.0,2.77
20260828,600540.SH,跳空缺口,5.05,10.02,51664.2,88621.5,0.58
20260828,600929.SH,跳空缺口,6.04,10.02,288534.0,206878.0,1.39
20260828,603269.SH,跳空缺口,22.18,10.02,155268.0,266621.0,0.58
20260828,600371.SH,跳空缺口,11.54,10.01,49086.4,162297.0,0.3
20260828,600378.SH,跳空缺口,53.31,10.01,558371.0,299061.0,1.87
20260828,000560.SZ,跳空缺口,2.64,10.0,2487040.0,1612540.0,1.54
20260828,002212.SZ,跳空缺口,6.93,10.0,1097470.0,400088.0,2.74
20260828,002886.SZ,跳空缺口,26.4,10.0,42445.0,328531.0,0.13
20260828,600654.SH,跳空缺口,3.63,10.0,1165950.0,1012540.0,1.15
20260828,603171.SH,跳空缺口,44.34,10.0,143283.0,58678.5,2.44
20260828,000017.SZ,跳空缺口,11.45,9.99,1105710.0,595729.0,1.86
20260828,002855.SZ,跳空缺口,14.64,9.99,51251.0,14171.0,3.62
20260828,002279.SZ,跳空缺口,7.05,9.98,465031.0,159394.0,2.92
20260828,000712.SZ,跳空缺口,11.8,9.97,151564.0,147304.0,1.03
20260828,600551.SH,跳空缺口,7.5,9.97,185136.0,49040.4,3.78
20260828,002354.SZ,跳空缺口,7.85,9.94,915562.0,1616290.0,0.57
20260828,603900.SH,跳空缺口,7.85,9.94,223061.0,277107.0,0.8
20260828,601222.SH,跳空缺口,6.09,9.93,987314.0,160051.0,6.17
20260828,002528.SZ,跳空缺口,6.65,9.02,476919.0,270907.0,1.76
20260828,300456.SZ,跳空缺口,40.4,9.01,1252810.0,819908.0,1.53
20260828,300170.SZ,跳空缺口,16.64,8.76,1404540.0,320749.0,4.38
20260828,300798.SZ,跳空缺口,8.55,8.5,593250.0,524474.0,1.13
20260828,603596.SH,跳空缺口,28.0,8.11,450345.0,103933.0,4.33
20260828,001232.SZ,跳空缺口,175.01,8.01,139312.0,86768.5,1.61
20260828,300833.SZ,跳空缺口,39.57,7.79,33884.3,5056.5,6.7
20260828,002155.SZ,跳空缺口,28.92,7.03,1872940.0,141981.0,13.19
20260828,603100.SH,跳空缺口,19.05,6.96,166163.0,31995.2,5.19
20260828,601360.SH,跳空缺口,9.3,6.65,2354720.0,743027.0,3.17
20260828,301330.SZ,跳空缺口,25.56,6.59,99963.4,15867.4,6.3
20260828,301629.SZ,跳空缺口,309.85,6.48,28027.2,19603.0,1.43
20260828,300094.SZ,跳空缺口,3.19,6.33,1143080.0,503281.0,2.27
20260828,301309.SZ,跳空缺口,30.84,6.16,38106.0,9709.57,3.92
20260828,920247.BJ,跳空缺口,14.78,6.03,52774.6,10738.5,4.91
20260828,002430.SZ,跳空缺口,26.11,5.92,458563.0,261599.0,1.75
20260828,603587.SH,跳空缺口,12.33,5.75,73914.2,19167.0,3.86
20260828,301111.SZ,跳空缺口,24.02,5.58,197646.0,69063.2,2.86
20260828,002636.SZ,跳空缺口,73.18,5.43,952122.0,518534.0,1.84
20260828,600278.SH,跳空缺口,6.67,5.21,197708.0,38442.1,5.14
20260828,300598.SZ,跳空缺口,33.59,4.87,231285.0,100506.0,2.3
20260828,300838.SZ,跳空缺口,14.59,4.81,87613.0,13384.2,6.55
20260828,600737.SH,跳空缺口,16.03,4.57,1128490.0,982476.0,1.15
20260828,601975.SH,跳空缺口,4.15,4.53,2419900.0,1405370.0,1.72
20260828,603002.SH,跳空缺口,17.67,4.49,1290720.0,586609.0,2.2
20260828,601208.SH,跳空缺口,51.28,4.44,927746.0,791544.0,1.17
20260828,300475.SZ,跳空缺口,172.1,4.09,428240.0,293733.0,1.46
20260828,000878.SZ,跳空缺口,17.85,4.08,1082060.0,599973.0,1.8
20260828,300454.SZ,跳空缺口,124.89,4.08,318614.0,164161.0,1.94
20260828,002573.SZ,跳空缺口,3.35,4.04,380155.0,124510.0,3.05
20260828,600557.SH,跳空缺口,12.94,4.02,156784.0,71571.2,2.19
20260828,603808.SH,跳空缺口,8.82,4.01,55079.8,31392.0,1.75
20260828,002466.SZ,跳空缺口,50.1,3.88,900296.0,339307.0,2.65
20260828,300369.SZ,跳空缺口,7.23,3.73,777839.0,387242.0,2.01
20260828,603580.SH,跳空缺口,83.43,3.61,140016.0,84427.3,1.66
20260828,301367.SZ,跳空缺口,46.52,3.45,80902.2,13369.4,6.05
20260828,301055.SZ,跳空缺口,30.5,3.25,119341.0,38862.8,3.07
20260828,603938.SH,跳空缺口,46.41,3.23,344981.0,130904.0,2.64
20260828,300516.SZ,跳空缺口,32.9,3.2,103419.0,42693.4,2.42
20260828,300441.SZ,跳空缺口,7.0,3.09,101952.0,39155.0,2.6
20260828,000928.SZ,跳空缺口,5.31,2.91,301238.0,137546.0,2.19
20260828,600210.SH,跳空缺口,6.21,2.81,494992.0,149602.0,3.31
20260828,301566.SZ,跳空缺口,26.13,2.67,317073.0,194419.0,1.63
20260828,300659.SZ,跳空缺口,10.58,2.62,50311.6,25379.0,1.98
20260828,301185.SZ,跳空缺口,16.88,2.61,35502.8,10887.2,3.26
20260828,920207.BJ,跳空缺口,21.6,2.61,33983.1,12518.9,2.71
20260828,002961.SZ,跳空缺口,20.56,2.54,228102.0,150672.0,1.51
20260828,301159.SZ,跳空缺口,32.35,2.54,44393.0,15137.0,2.93
20260828,600160.SH,跳空缺口,40.54,2.53,487849.0,384244.0,1.27
20260828,600536.SH,跳空缺口,33.77,2.52,433816.0,239414.0,1.81
20260828,000636.SZ,跳空缺口,55.45,2.48,1624630.0,1272110.0,1.28
20260828,600641.SH,跳空缺口,34.8,2.35,1123010.0,599921.0,1.87
20260828,605020.SH,跳空缺口,34.35,2.35,207211.0,170106.0,1.22
20260828,603618.SH,跳空缺口,35.92,2.31,1909500.0,669805.0,2.85
20260828,002467.SZ,跳空缺口,4.68,2.18,417924.0,204657.0,2.04
20260828,301085.SZ,跳空缺口,60.6,2.16,67136.9,31716.3,2.12
20260828,000807.SZ,跳空缺口,27.23,2.02,907383.0,637116.0,1.42
20260828,002474.SZ,跳空缺口,6.34,1.93,314332.0,106238.0,2.96
20260828,601872.SH,跳空缺口,18.98,1.93,864362.0,902383.0,0.96
20260828,000513.SZ,跳空缺口,26.76,1.87,93078.0,66704.8,1.4
20260828,002439.SZ,跳空缺口,13.67,1.86,354268.0,109094.0,3.25
20260828,002190.SZ,跳空缺口,25.99,1.84,294516.0,224982.0,1.31
20260828,300634.SZ,跳空缺口,19.55,1.82,130606.0,61773.5,2.11
20260828,920021.BJ,跳空缺口,6.81,1.79,158987.0,73318.3,2.17
20260828,002232.SZ,跳空缺口,14.45,1.69,53079.6,25458.0,2.08
20260828,603662.SH,跳空缺口,50.48,1.65,66101.3,27989.4,2.36
20260828,301378.SZ,跳空缺口,24.8,1.6,49366.6,15176.4,3.25
20260828,603915.SH,跳空缺口,13.43,1.59,73855.8,29782.4,2.48
20260828,605168.SH,跳空缺口,47.31,1.57,61691.7,49462.3,1.25
20260828,300768.SZ,跳空缺口,14.93,1.56,105376.0,40662.5,2.59
20260828,002058.SZ,跳空缺口,17.03,1.49,49153.0,26224.2,1.87
20260828,301666.SZ,跳空缺口,475.86,1.42,79526.6,20721.1,3.84
20260828,920227.BJ,跳空缺口,48.41,1.28,5149.1,3037.85,1.69
20260828,603619.SH,跳空缺口,24.09,1.26,243637.0,322797.0,0.75
20260828,301599.SZ,跳空缺口,34.81,1.25,60284.1,44118.1,1.37
20260828,300008.SZ,跳空缺口,6.29,1.13,437220.0,307271.0,1.42
20260828,002516.SZ,跳空缺口,5.44,1.12,138836.0,88528.0,1.57
20260828,002912.SZ,跳空缺口,19.31,1.05,33030.2,21324.0,1.55
20260828,603232.SH,跳空缺口,15.43,0.92,160829.0,56956.0,2.82
20260828,300662.SZ,跳空缺口,20.21,0.85,57593.0,24646.0,2.34
20260828,600845.SH,跳空缺口,17.61,0.8,154674.0,115972.0,1.33
20260828,002230.SZ,跳空缺口,40.06,0.73,301924.0,228996.0,1.32
20260828,300624.SZ,跳空缺口,47.22,0.7,115668.0,57089.6,2.03
20260828,300002.SZ,跳空缺口,8.03,0.63,287822.0,251185.0,1.15
20260828,920924.BJ,跳空缺口,14.34,0.63,14568.5,8281.91,1.76
20260828,603859.SH,跳空缺口,37.44,0.54,90313.4,41807.0,2.16
20260828,002649.SZ,跳空缺口,9.82,0.51,259990.0,175585.0,1.48
20260828,603135.SH,跳空缺口,9.14,0.44,177036.0,56144.0,3.15
20260828,300113.SZ,跳空缺口,16.28,0.43,223775.0,137216.0,1.63
20260828,300263.SZ,跳空缺口,10.62,0.38,539422.0,468261.0,1.15
20260828,920469.BJ,跳空放量涨幅,6.99,23.94,165558.0,15877.2,10.43
20260828,301076.SZ,跳空放量涨幅,22.96,10.6,196913.0,29758.6,6.62
20260828,002855.SZ,跳空放量涨幅,14.64,9.99,51251.0,14171.0,3.62
20260828,600551.SH,跳空放量涨幅,7.5,9.97,185136.0,49040.4,3.78
20260828,601222.SH,跳空放量涨幅,6.09,9.93,987314.0,160051.0,6.17
20260828,300170.SZ,跳空放量涨幅,16.64,8.76,1404540.0,320749.0,4.38
20260828,603596.SH,跳空放量涨幅,28.0,8.11,450345.0,103933.0,4.33
20260828,300833.SZ,跳空放量涨幅,39.57,7.79,33884.3,5056.5,6.7
20260828,002155.SZ,跳空放量涨幅,28.92,7.03,1872940.0,141981.0,13.19
20260828,603100.SH,跳空放量涨幅,19.05,6.96,166163.0,31995.2,5.19
20260828,601360.SH,跳空放量涨幅,9.3,6.65,2354720.0,743027.0,3.17
20260828,301330.SZ,跳空放量涨幅,25.56,6.59,99963.4,15867.4,6.3
20260828,301309.SZ,跳空放量涨幅,30.84,6.16,38106.0,9709.57,3.92
20260828,920247.BJ,跳空放量涨幅,14.78,6.03,52774.6,10738.5,4.91
20260828,920469.BJ,放量涨幅,6.99,23.94,165558.0,15877.2,10.43
20260828,920304.BJ,放量涨幅,10.75,15.22,102377.0,26534.4,3.86
20260828,920223.BJ,放量涨幅,12.18,12.99,83542.6,22675.7,3.68
20260828,301076.SZ,放量涨幅,22.96,10.6,196913.0,29758.6,6.62
20260828,000912.SZ,放量涨幅,4.36,10.1,1128570.0,330970.0,3.41
20260828,002742.SZ,放量涨幅,6.24,10.05,2199020.0,99511.0,22.1
20260828,603007.SH,放量涨幅,5.37,10.04,784652.0,137130.0,5.72
20260828,002915.SZ,放量涨幅,18.87,10.03,272037.0,63412.0,4.29
20260828,001288.SZ,放量涨幅,28.46,10.01,167697.0,27738.6,6.05
20260828,000062.SZ,放量涨幅,24.85,10.0,609597.0,164872.0,3.7
20260828,002679.SZ,放量涨幅,10.67,10.0,130153.0,35414.8,3.68
20260828,002855.SZ,放量涨幅,14.64,9.99,51251.0,14171.0,3.62
20260828,002942.SZ,放量涨幅,20.91,9.99,255169.0,22595.3,11.29
20260828,600689.SH,放量涨幅,12.22,9.99,97633.0,18197.0,5.37
20260828,603559.SH,放量涨幅,9.58,9.99,281956.0,69959.4,4.03
20260828,000565.SZ,放量涨幅,6.62,9.97,231899.0,70159.0,3.31
20260828,001376.SZ,放量涨幅,11.58,9.97,222902.0,60419.0,3.69
20260828,600551.SH,放量涨幅,7.5,9.97,185136.0,49040.4,3.78
20260828,300237.SZ,放量涨幅,2.21,9.95,507017.0,75642.0,6.7
20260828,601222.SH,放量涨幅,6.09,9.93,987314.0,160051.0,6.17
20260828,300170.SZ,放量涨幅,16.64,8.76,1404540.0,320749.0,4.38
20260828,603596.SH,放量涨幅,28.0,8.11,450345.0,103933.0,4.33
20260828,300833.SZ,放量涨幅,39.57,7.79,33884.3,5056.5,6.7
20260828,300582.SZ,放量涨幅,12.01,7.62,184664.0,56567.0,3.26
20260828,000909.SZ,放量涨幅,4.49,7.16,66014.5,19013.0,3.47
20260828,300876.SZ,放量涨幅,16.61,7.16,91226.6,17806.8,5.12
20260828,002155.SZ,放量涨幅,28.92,7.03,1872940.0,141981.0,13.19
20260828,603100.SH,放量涨幅,19.05,6.96,166163.0,31995.2,5.19
20260828,603822.SH,放量涨幅,61.52,6.82,17538.0,5041.0,3.48
20260828,600613.SH,放量涨幅,12.4,6.8,1981620.0,583636.0,3.4
20260828,601360.SH,放量涨幅,9.3,6.65,2354720.0,743027.0,3.17
20260828,301330.SZ,放量涨幅,25.56,6.59,99963.4,15867.4,6.3
20260828,300986.SZ,放量涨幅,12.43,6.51,663084.0,187026.0,3.55
20260828,300637.SZ,放量涨幅,9.76,6.2,118371.0,33888.5,3.49
20260828,603683.SH,放量涨幅,16.95,6.2,488869.0,142452.0,3.43
20260828,301309.SZ,放量涨幅,30.84,6.16,38106.0,9709.57,3.92
20260828,920145.BJ,放量涨幅,10.3,6.08,11840.1,3237.34,3.66
20260828,920247.BJ,放量涨幅,14.78,6.03,52774.6,10738.5,4.91
20260828,920469.BJ,跳空缺口,6.99,23.94,165558.0,15877.2,10.43
20260828,300378.SZ,跳空缺口,37.45,19.99,139684.0,76734.0,1.82
20260828,301591.SZ,跳空缺口,57.5,14.09,270682.0,164159.0,1.65
20260828,301076.SZ,跳空缺口,22.96,10.6,196913.0,29758.6,6.62
20260828,300319.SZ,跳空缺口,20.91,10.11,2045510.0,1389670.0,1.47
20260828,000059.SZ,跳空缺口,5.57,10.08,980896.0,534152.0,1.84
20260828,002084.SZ,跳空缺口,5.8,10.06,67244.9,52454.8,1.28
20260828,600162.SH,跳空缺口,5.36,10.06,1534410.0,1350840.0,1.14
20260828,601086.SH,跳空缺口,8.34,10.03,179972.0,81408.0,2.21
20260828,002396.SZ,跳空缺口,36.69,10.02,1148070.0,1023620.0,1.12
20260828,002631.SZ,跳空缺口,10.1,10.02,961703.0,347088.0,2.77
20260828,600540.SH,跳空缺口,5.05,10.02,51664.2,88621.5,0.58
20260828,600929.SH,跳空缺口,6.04,10.02,288534.0,206878.0,1.39
20260828,603269.SH,跳空缺口,22.18,10.02,155268.0,266621.0,0.58
20260828,600371.SH,跳空缺口,11.54,10.01,49086.4,162297.0,0.3
20260828,600378.SH,跳空缺口,53.31,10.01,558371.0,299061.0,1.87
20260828,000560.SZ,跳空缺口,2.64,10.0,2487040.0,1612540.0,1.54
20260828,002212.SZ,跳空缺口,6.93,10.0,1097470.0,400088.0,2.74
20260828,002886.SZ,跳空缺口,26.4,10.0,42445.0,328531.0,0.13
20260828,600654.SH,跳空缺口,3.63,10.0,1165950.0,1012540.0,1.15
20260828,603171.SH,跳空缺口,44.34,10.0,143283.0,58678.5,2.44
20260828,000017.SZ,跳空缺口,11.45,9.99,1105710.0,595729.0,1.86
20260828,002855.SZ,跳空缺口,14.64,9.99,51251.0,14171.0,3.62
20260828,002279.SZ,跳空缺口,7.05,9.98,465031.0,159394.0,2.92
20260828,000712.SZ,跳空缺口,11.8,9.97,151564.0,147304.0,1.03
20260828,600551.SH,跳空缺口,7.5,9.97,185136.0,49040.4,3.78
20260828,002354.SZ,跳空缺口,7.85,9.94,915562.0,1616290.0,0.57
20260828,603900.SH,跳空缺口,7.85,9.94,223061.0,277107.0,0.8
20260828,601222.SH,跳空缺口,6.09,9.93,987314.0,160051.0,6.17
20260828,002528.SZ,跳空缺口,6.65,9.02,476919.0,270907.0,1.76
20260828,300456.SZ,跳空缺口,40.4,9.01,1252810.0,819908.0,1.53
20260828,300170.SZ,跳空缺口,16.64,8.76,1404540.0,320749.0,4.38
20260828,300798.SZ,跳空缺口,8.55,8.5,593250.0,524474.0,1.13
20260828,603596.SH,跳空缺口,28.0,8.11,450345.0,103933.0,4.33
20260828,001232.SZ,跳空缺口,175.01,8.01,139312.0,86768.5,1.61
20260828,300833.SZ,跳空缺口,39.57,7.79,33884.3,5056.5,6.7
20260828,002155.SZ,跳空缺口,28.92,7.03,1872940.0,141981.0,13.19
20260828,603100.SH,跳空缺口,19.05,6.96,166163.0,31995.2,5.19
20260828,601360.SH,跳空缺口,9.3,6.65,2354720.0,743027.0,3.17
20260828,301330.SZ,跳空缺口,25.56,6.59,99963.4,15867.4,6.3
20260828,301629.SZ,跳空缺口,309.85,6.48,28027.2,19603.0,1.43
20260828,300094.SZ,跳空缺口,3.19,6.33,1143080.0,503281.0,2.27
20260828,301309.SZ,跳空缺口,30.84,6.16,38106.0,9709.57,3.92
20260828,920247.BJ,跳空缺口,14.78,6.03,52774.6,10738.5,4.91
20260828,002430.SZ,跳空缺口,26.11,5.92,458563.0,261599.0,1.75
20260828,603587.SH,跳空缺口,12.33,5.75,73914.2,19167.0,3.86
20260828,301111.SZ,跳空缺口,24.02,5.58,197646.0,69063.2,2.86
20260828,002636.SZ,跳空缺口,73.18,5.43,952122.0,518534.0,1.84
20260828,600278.SH,跳空缺口,6.67,5.21,197708.0,38442.1,5.14
20260828,300598.SZ,跳空缺口,33.59,4.87,231285.0,100506.0,2.3
20260828,300838.SZ,跳空缺口,14.59,4.81,87613.0,13384.2,6.55
20260828,600737.SH,跳空缺口,16.03,4.57,1128490.0,982476.0,1.15
20260828,601975.SH,跳空缺口,4.15,4.53,2419900.0,1405370.0,1.72
20260828,603002.SH,跳空缺口,17.67,4.49,1290720.0,586609.0,2.2
20260828,601208.SH,跳空缺口,51.28,4.44,927746.0,791544.0,1.17
20260828,300475.SZ,跳空缺口,172.1,4.09,428240.0,293733.0,1.46
20260828,000878.SZ,跳空缺口,17.85,4.08,1082060.0,599973.0,1.8
20260828,300454.SZ,跳空缺口,124.89,4.08,318614.0,164161.0,1.94
20260828,002573.SZ,跳空缺口,3.35,4.04,380155.0,124510.0,3.05
20260828,600557.SH,跳空缺口,12.94,4.02,156784.0,71571.2,2.19
20260828,603808.SH,跳空缺口,8.82,4.01,55079.8,31392.0,1.75
20260828,002466.SZ,跳空缺口,50.1,3.88,900296.0,339307.0,2.65
20260828,300369.SZ,跳空缺口,7.23,3.73,777839.0,387242.0,2.01
20260828,603580.SH,跳空缺口,83.43,3.61,140016.0,84427.3,1.66
20260828,301367.SZ,跳空缺口,46.52,3.45,80902.2,13369.4,6.05
20260828,301055.SZ,跳空缺口,30.5,3.25,119341.0,38862.8,3.07
20260828,603938.SH,跳空缺口,46.41,3.23,344981.0,130904.0,2.64
20260828,300516.SZ,跳空缺口,32.9,3.2,103419.0,42693.4,2.42
20260828,300441.SZ,跳空缺口,7.0,3.09,101952.0,39155.0,2.6
20260828,000928.SZ,跳空缺口,5.31,2.91,301238.0,137546.0,2.19
20260828,600210.SH,跳空缺口,6.21,2.81,494992.0,149602.0,3.31
20260828,301566.SZ,跳空缺口,26.13,2.67,317073.0,194419.0,1.63
20260828,300659.SZ,跳空缺口,10.58,2.62,50311.6,25379.0,1.98
20260828,301185.SZ,跳空缺口,16.88,2.61,35502.8,10887.2,3.26
20260828,920207.BJ,跳空缺口,21.6,2.61,33983.1,12518.9,2.71
20260828,002961.SZ,跳空缺口,20.56,2.54,228102.0,150672.0,1.51
20260828,301159.SZ,跳空缺口,32.35,2.54,44393.0,15137.0,2.93
20260828,600160.SH,跳空缺口,40.54,2.53,487849.0,384244.0,1.27
20260828,600536.SH,跳空缺口,33.77,2.52,433816.0,239414.0,1.81
20260828,000636.SZ,跳空缺口,55.45,2.48,1624630.0,1272110.0,1.28
20260828,600641.SH,跳空缺口,34.8,2.35,1123010.0,599921.0,1.87
20260828,605020.SH,跳空缺口,34.35,2.35,207211.0,170106.0,1.22
20260828,603618.SH,跳空缺口,35.92,2.31,1909500.0,669805.0,2.85
20260828,002467.SZ,跳空缺口,4.68,2.18,417924.0,204657.0,2.04
20260828,301085.SZ,跳空缺口,60.6,2.16,67136.9,31716.3,2.12
20260828,000807.SZ,跳空缺口,27.23,2.02,907383.0,637116.0,1.42
20260828,002474.SZ,跳空缺口,6.34,1.93,314332.0,106238.0,2.96
20260828,601872.SH,跳空缺口,18.98,1.93,864362.0,902383.0,0.96
20260828,000513.SZ,跳空缺口,26.76,1.87,93078.0,66704.8,1.4
20260828,002439.SZ,跳空缺口,13.67,1.86,354268.0,109094.0,3.25
20260828,002190.SZ,跳空缺口,25.99,1.84,294516.0,224982.0,1.31
20260828,300634.SZ,跳空缺口,19.55,1.82,130606.0,61773.5,2.11
20260828,920021.BJ,跳空缺口,6.81,1.79,158987.0,73318.3,2.17
20260828,002232.SZ,跳空缺口,14.45,1.69,53079.6,25458.0,2.08
20260828,603662.SH,跳空缺口,50.48,1.65,66101.3,27989.4,2.36
20260828,301378.SZ,跳空缺口,24.8,1.6,49366.6,15176.4,3.25
20260828,603915.SH,跳空缺口,13.43,1.59,73855.8,29782.4,2.48
20260828,605168.SH,跳空缺口,47.31,1.57,61691.7,49462.3,1.25
20260828,300768.SZ,跳空缺口,14.93,1.56,105376.0,40662.5,2.59
20260828,002058.SZ,跳空缺口,17.03,1.49,49153.0,26224.2,1.87
20260828,301666.SZ,跳空缺口,475.86,1.42,79526.6,20721.1,3.84
20260828,920227.BJ,跳空缺口,48.41,1.28,5149.1,3037.85,1.69
20260828,603619.SH,跳空缺口,24.09,1.26,243637.0,322797.0,0.75
20260828,301599.SZ,跳空缺口,34.81,1.25,60284.1,44118.1,1.37
20260828,300008.SZ,跳空缺口,6.29,1.13,437220.0,307271.0,1.42
20260828,002516.SZ,跳空缺口,5.44,1.12,138836.0,88528.0,1.57
20260828,002912.SZ,跳空缺口,19.31,1.05,33030.2,21324.0,1.55
20260828,603232.SH,跳空缺口,15.43,0.92,160829.0,56956.0,2.82
20260828,300662.SZ,跳空缺口,20.21,0.85,57593.0,24646.0,2.34
20260828,600845.SH,跳空缺口,17.61,0.8,154674.0,115972.0,1.33
20260828,002230.SZ,跳空缺口,40.06,0.73,301924.0,228996.0,1.32
20260828,300624.SZ,跳空缺口,47.22,0.7,115668.0,57089.6,2.03
20260828,300002.SZ,跳空缺口,8.03,0.63,287822.0,251185.0,1.15
20260828,920924.BJ,跳空缺口,14.34,0.63,14568.5,8281.91,1.76
20260828,603859.SH,跳空缺口,37.44,0.54,90313.4,41807.0,2.16
20260828,002649.SZ,跳空缺口,9.82,0.51,259990.0,175585.0,1.48
20260828,603135.SH,跳空缺口,9.14,0.44,177036.0,56144.0,3.15
20260828,300113.SZ,跳空缺口,16.28,0.43,223775.0,137216.0,1.63
20260828,300263.SZ,跳空缺口,10.62,0.38,539422.0,468261.0,1.15
20260828,920469.BJ,跳空放量涨幅,6.99,23.94,165558.0,15877.2,10.43
20260828,301076.SZ,跳空放量涨幅,22.96,10.6,196913.0,29758.6,6.62
20260828,002855.SZ,跳空放量涨幅,14.64,9.99,51251.0,14171.0,3.62
20260828,600551.SH,跳空放量涨幅,7.5,9.97,185136.0,49040.4,3.78
20260828,601222.SH,跳空放量涨幅,6.09,9.93,987314.0,160051.0,6.17
20260828,300170.SZ,跳空放量涨幅,16.64,8.76,1404540.0,320749.0,4.38
20260828,603596.SH,跳空放量涨幅,28.0,8.11,450345.0,103933.0,4.33
20260828,300833.SZ,跳空放量涨幅,39.57,7.79,33884.3,5056.5,6.7
20260828,002155.SZ,跳空放量涨幅,28.92,7.03,1872940.0,141981.0,13.19
20260828,603100.SH,跳空放量涨幅,19.05,6.96,166163.0,31995.2,5.19
20260828,601360.SH,跳空放量涨幅,9.3,6.65,2354720.0,743027.0,3.17
20260828,301330.SZ,跳空放量涨幅,25.56,6.59,99963.4,15867.4,6.3
20260828,301309.SZ,跳空放量涨幅,30.84,6.16,38106.0,9709.57,3.92
20260828,920247.BJ,跳空放量涨幅,14.78,6.03,52774.6,10738.5,4.91
20260828,920469.BJ,放量涨幅,6.99,23.94,165558.0,15877.2,10.43
20260828,920304.BJ,放量涨幅,10.75,15.22,102377.0,26534.4,3.86
20260828,920223.BJ,放量涨幅,12.18,12.99,83542.6,22675.7,3.68
20260828,301076.SZ,放量涨幅,22.96,10.6,196913.0,29758.6,6.62
20260828,000912.SZ,放量涨幅,4.36,10.1,1128570.0,330970.0,3.41
20260828,002742.SZ,放量涨幅,6.24,10.05,2199020.0,99511.0,22.1
20260828,603007.SH,放量涨幅,5.37,10.04,784652.0,137130.0,5.72
20260828,002915.SZ,放量涨幅,18.87,10.03,272037.0,63412.0,4.29
20260828,001288.SZ,放量涨幅,28.46,10.01,167697.0,27738.6,6.05
20260828,000062.SZ,放量涨幅,24.85,10.0,609597.0,164872.0,3.7
20260828,002679.SZ,放量涨幅,10.67,10.0,130153.0,35414.8,3.68
20260828,002855.SZ,放量涨幅,14.64,9.99,51251.0,14171.0,3.62
20260828,002942.SZ,放量涨幅,20.91,9.99,255169.0,22595.3,11.29
20260828,600689.SH,放量涨幅,12.22,9.99,97633.0,18197.0,5.37
20260828,603559.SH,放量涨幅,9.58,9.99,281956.0,69959.4,4.03
20260828,000565.SZ,放量涨幅,6.62,9.97,231899.0,70159.0,3.31
20260828,001376.SZ,放量涨幅,11.58,9.97,222902.0,60419.0,3.69
20260828,600551.SH,放量涨幅,7.5,9.97,185136.0,49040.4,3.78
20260828,300237.SZ,放量涨幅,2.21,9.95,507017.0,75642.0,6.7
20260828,601222.SH,放量涨幅,6.09,9.93,987314.0,160051.0,6.17
20260828,300170.SZ,放量涨幅,16.64,8.76,1404540.0,320749.0,4.38
20260828,603596.SH,放量涨幅,28.0,8.11,450345.0,103933.0,4.33
20260828,300833.SZ,放量涨幅,39.57,7.79,33884.3,5056.5,6.7
20260828,300582.SZ,放量涨幅,12.01,7.62,184664.0,56567.0,3.26
20260828,000909.SZ,放量涨幅,4.49,7.16,66014.5,19013.0,3.47
20260828,300876.SZ,放量涨幅,16.61,7.16,91226.6,17806.8,5.12
20260828,002155.SZ,放量涨幅,28.92,7.03,1872940.0,141981.0,13.19
20260828,603100.SH,放量涨幅,19.05,6.96,166163.0,31995.2,5.19
20260828,603822.SH,放量涨幅,61.52,6.82,17538.0,5041.0,3.48
20260828,600613.SH,放量涨幅,12.4,6.8,1981620.0,583636.0,3.4
20260828,601360.SH,放量涨幅,9.3,6.65,2354720.0,743027.0,3.17
20260828,301330.SZ,放量涨幅,25.56,6.59,99963.4,15867.4,6.3
20260828,300986.SZ,放量涨幅,12.43,6.51,663084.0,187026.0,3.55
20260828,300637.SZ,放量涨幅,9.76,6.2,118371.0,33888.5,3.49
20260828,603683.SH,放量涨幅,16.95,6.2,488869.0,142452.0,3.43
20260828,301309.SZ,放量涨幅,30.84,6.16,38106.0,9709.57,3.92
20260828,920145.BJ,放量涨幅,10.3,6.08,11840.1,3237.34,3.66
20260828,920247.BJ,放量涨幅,14.78,6.03,52774.6,10738.5,4.91
20260828,920469.BJ,跳空缺口,6.99,23.94,165558.0,15877.2,10.43
20260828,300378.SZ,跳空缺口,37.45,19.99,139684.0,76734.0,1.82
20260828,301591.SZ,跳空缺口,57.5,14.09,270682.0,164159.0,1.65
20260828,301076.SZ,跳空缺口,22.96,10.6,196913.0,29758.6,6.62
20260828,300319.SZ,跳空缺口,20.91,10.11,2045510.0,1389670.0,1.47
20260828,000059.SZ,跳空缺口,5.57,10.08,980896.0,534152.0,1.84
20260828,002084.SZ,跳空缺口,5.8,10.06,67244.9,52454.8,1.28
20260828,600162.SH,跳空缺口,5.36,10.06,1534410.0,1350840.0,1.14
20260828,601086.SH,跳空缺口,8.34,10.03,179972.0,81408.0,2.21
20260828,002396.SZ,跳空缺口,36.69,10.02,1148070.0,1023620.0,1.12
20260828,002631.SZ,跳空缺口,10.1,10.02,961703.0,347088.0,2.77
20260828,600540.SH,跳空缺口,5.05,10.02,51664.2,88621.5,0.58
20260828,600929.SH,跳空缺口,6.04,10.02,288534.0,206878.0,1.39
20260828,603269.SH,跳空缺口,22.18,10.02,155268.0,266621.0,0.58
20260828,600371.SH,跳空缺口,11.54,10.01,49086.4,162297.0,0.3
20260828,600378.SH,跳空缺口,53.31,10.01,558371.0,299061.0,1.87
20260828,000560.SZ,跳空缺口,2.64,10.0,2487040.0,1612540.0,1.54
20260828,002212.SZ,跳空缺口,6.93,10.0,1097470.0,400088.0,2.74
20260828,002886.SZ,跳空缺口,26.4,10.0,42445.0,328531.0,0.13
20260828,600654.SH,跳空缺口,3.63,10.0,1165950.0,1012540.0,1.15
20260828,603171.SH,跳空缺口,44.34,10.0,143283.0,58678.5,2.44
20260828,000017.SZ,跳空缺口,11.45,9.99,1105710.0,595729.0,1.86
20260828,002855.SZ,跳空缺口,14.64,9.99,51251.0,14171.0,3.62
20260828,002279.SZ,跳空缺口,7.05,9.98,465031.0,159394.0,2.92
20260828,000712.SZ,跳空缺口,11.8,9.97,151564.0,147304.0,1.03
20260828,600551.SH,跳空缺口,7.5,9.97,185136.0,49040.4,3.78
20260828,002354.SZ,跳空缺口,7.85,9.94,915562.0,1616290.0,0.57
20260828,603900.SH,跳空缺口,7.85,9.94,223061.0,277107.0,0.8
20260828,601222.SH,跳空缺口,6.09,9.93,987314.0,160051.0,6.17
20260828,002528.SZ,跳空缺口,6.65,9.02,476919.0,270907.0,1.76
20260828,300456.SZ,跳空缺口,40.4,9.01,1252810.0,819908.0,1.53
20260828,300170.SZ,跳空缺口,16.64,8.76,1404540.0,320749.0,4.38
20260828,300798.SZ,跳空缺口,8.55,8.5,593250.0,524474.0,1.13
20260828,603596.SH,跳空缺口,28.0,8.11,450345.0,103933.0,4.33
20260828,001232.SZ,跳空缺口,175.01,8.01,139312.0,86768.5,1.61
20260828,300833.SZ,跳空缺口,39.57,7.79,33884.3,5056.5,6.7
20260828,002155.SZ,跳空缺口,28.92,7.03,1872940.0,141981.0,13.19
20260828,603100.SH,跳空缺口,19.05,6.96,166163.0,31995.2,5.19
20260828,601360.SH,跳空缺口,9.3,6.65,2354720.0,743027.0,3.17
20260828,301330.SZ,跳空缺口,25.56,6.59,99963.4,15867.4,6.3
20260828,301629.SZ,跳空缺口,309.85,6.48,28027.2,19603.0,1.43
20260828,300094.SZ,跳空缺口,3.19,6.33,1143080.0,503281.0,2.27
20260828,301309.SZ,跳空缺口,30.84,6.16,38106.0,9709.57,3.92
20260828,920247.BJ,跳空缺口,14.78,6.03,52774.6,10738.5,4.91
20260828,002430.SZ,跳空缺口,26.11,5.92,458563.0,261599.0,1.75
20260828,603587.SH,跳空缺口,12.33,5.75,73914.2,19167.0,3.86
20260828,301111.SZ,跳空缺口,24.02,5.58,197646.0,69063.2,2.86
20260828,002636.SZ,跳空缺口,73.18,5.43,952122.0,518534.0,1.84
20260828,600278.SH,跳空缺口,6.67,5.21,197708.0,38442.1,5.14
20260828,300598.SZ,跳空缺口,33.59,4.87,231285.0,100506.0,2.3
20260828,300838.SZ,跳空缺口,14.59,4.81,87613.0,13384.2,6.55
20260828,600737.SH,跳空缺口,16.03,4.57,1128490.0,982476.0,1.15
20260828,601975.SH,跳空缺口,4.15,4.53,2419900.0,1405370.0,1.72
20260828,603002.SH,跳空缺口,17.67,4.49,1290720.0,586609.0,2.2
20260828,601208.SH,跳空缺口,51.28,4.44,927746.0,791544.0,1.17
20260828,300475.SZ,跳空缺口,172.1,4.09,428240.0,293733.0,1.46
20260828,000878.SZ,跳空缺口,17.85,4.08,1082060.0,599973.0,1.8
20260828,300454.SZ,跳空缺口,124.89,4.08,318614.0,164161.0,1.94
20260828,002573.SZ,跳空缺口,3.35,4.04,380155.0,124510.0,3.05
20260828,600557.SH,跳空缺口,12.94,4.02,156784.0,71571.2,2.19
20260828,603808.SH,跳空缺口,8.82,4.01,55079.8,31392.0,1.75
20260828,002466.SZ,跳空缺口,50.1,3.88,900296.0,339307.0,2.65
20260828,300369.SZ,跳空缺口,7.23,3.73,777839.0,387242.0,2.01
20260828,603580.SH,跳空缺口,83.43,3.61,140016.0,84427.3,1.66
20260828,301367.SZ,跳空缺口,46.52,3.45,80902.2,13369.4,6.05
20260828,301055.SZ,跳空缺口,30.5,3.25,119341.0,38862.8,3.07
20260828,603938.SH,跳空缺口,46.41,3.23,344981.0,130904.0,2.64
20260828,300516.SZ,跳空缺口,32.9,3.2,103419.0,42693.4,2.42
20260828,300441.SZ,跳空缺口,7.0,3.09,101952.0,39155.0,2.6
20260828,000928.SZ,跳空缺口,5.31,2.91,301238.0,137546.0,2.19
20260828,600210.SH,跳空缺口,6.21,2.81,494992.0,149602.0,3.31
20260828,301566.SZ,跳空缺口,26.13,2.67,317073.0,194419.0,1.63
20260828,300659.SZ,跳空缺口,10.58,2.62,50311.6,25379.0,1.98
20260828,301185.SZ,跳空缺口,16.88,2.61,35502.8,10887.2,3.26
20260828,920207.BJ,跳空缺口,21.6,2.61,33983.1,12518.9,2.71
20260828,002961.SZ,跳空缺口,20.56,2.54,228102.0,150672.0,1.51
20260828,301159.SZ,跳空缺口,32.35,2.54,44393.0,15137.0,2.93
20260828,600160.SH,跳空缺口,40.54,2.53,487849.0,384244.0,1.27
20260828,600536.SH,跳空缺口,33.77,2.52,433816.0,239414.0,1.81
20260828,000636.SZ,跳空缺口,55.45,2.48,1624630.0,1272110.0,1.28
20260828,600641.SH,跳空缺口,34.8,2.35,1123010.0,599921.0,1.87
20260828,605020.SH,跳空缺口,34.35,2.35,207211.0,170106.0,1.22
20260828,603618.SH,跳空缺口,35.92,2.31,1909500.0,669805.0,2.85
20260828,002467.SZ,跳空缺口,4.68,2.18,417924.0,204657.0,2.04
20260828,301085.SZ,跳空缺口,60.6,2.16,67136.9,31716.3,2.12
20260828,000807.SZ,跳空缺口,27.23,2.02,907383.0,637116.0,1.42
20260828,002474.SZ,跳空缺口,6.34,1.93,314332.0,106238.0,2.96
20260828,601872.SH,跳空缺口,18.98,1.93,864362.0,902383.0,0.96
20260828,000513.SZ,跳空缺口,26.76,1.87,93078.0,66704.8,1.4
20260828,002439.SZ,跳空缺口,13.67,1.86,354268.0,109094.0,3.25
20260828,002190.SZ,跳空缺口,25.99,1.84,294516.0,224982.0,1.31
20260828,300634.SZ,跳空缺口,19.55,1.82,130606.0,61773.5,2.11
20260828,920021.BJ,跳空缺口,6.81,1.79,158987.0,73318.3,2.17
20260828,002232.SZ,跳空缺口,14.45,1.69,53079.6,25458.0,2.08
20260828,603662.SH,跳空缺口,50.48,1.65,66101.3,27989.4,2.36
20260828,301378.SZ,跳空缺口,24.8,1.6,49366.6,15176.4,3.25
20260828,603915.SH,跳空缺口,13.43,1.59,73855.8,29782.4,2.48
20260828,605168.SH,跳空缺口,47.31,1.57,61691.7,49462.3,1.25
20260828,300768.SZ,跳空缺口,14.93,1.56,105376.0,40662.5,2.59
20260828,002058.SZ,跳空缺口,17.03,1.49,49153.0,26224.2,1.87
20260828,301666.SZ,跳空缺口,475.86,1.42,79526.6,20721.1,3.84
20260828,920227.BJ,跳空缺口,48.41,1.28,5149.1,3037.85,1.69
20260828,603619.SH,跳空缺口,24.09,1.26,243637.0,322797.0,0.75
20260828,301599.SZ,跳空缺口,34.81,1.25,60284.1,44118.1,1.37
20260828,300008.SZ,跳空缺口,6.29,1.13,437220.0,307271.0,1.42
20260828,002516.SZ,跳空缺口,5.44,1.12,138836.0,88528.0,1.57
20260828,002912.SZ,跳空缺口,19.31,1.05,33030.2,21324.0,1.55
20260828,603232.SH,跳空缺口,15.43,0.92,160829.0,56956.0,2.82
20260828,300662.SZ,跳空缺口,20.21,0.85,57593.0,24646.0,2.34
20260828,600845.SH,跳空缺口,17.61,0.8,154674.0,115972.0,1.33
20260828,002230.SZ,跳空缺口,40.06,0.73,301924.0,228996.0,1.32
20260828,300624.SZ,跳空缺口,47.22,0.7,115668.0,57089.6,2.03
20260828,300002.SZ,跳空缺口,8.03,0.63,287822.0,251185.0,1.15
20260828,920924.BJ,跳空缺口,14.34,0.63,14568.5,8281.91,1.76
20260828,603859.SH,跳空缺口,37.44,0.54,90313.4,41807.0,2.16
20260828,002649.SZ,跳空缺口,9.82,0.51,259990.0,175585.0,1.48
20260828,603135.SH,跳空缺口,9.14,0.44,177036.0,56144.0,3.15
20260828,300113.SZ,跳空缺口,16.28,0.43,223775.0,137216.0,1.63
20260828,300263.SZ,跳空缺口,10.62,0.38,539422.0,468261.0,1.15
20260828,920469.BJ,跳空放量涨幅,6.99,23.94,165558.0,15877.2,10.43
20260828,301076.SZ,跳空放量涨幅,22.96,10.6,196913.0,29758.6,6.62
20260828,002855.SZ,跳空放量涨幅,14.64,9.99,51251.0,14171.0,3.62
20260828,600551.SH,跳空放量涨幅,7.5,9.97,185136.0,49040.4,3.78
20260828,601222.SH,跳空放量涨幅,6.09,9.93,987314.0,160051.0,6.17
20260828,300170.SZ,跳空放量涨幅,16.64,8.76,1404540.0,320749.0,4.38
20260828,603596.SH,跳空放量涨幅,28.0,8.11,450345.0,103933.0,4.33
20260828,300833.SZ,跳空放量涨幅,39.57,7.79,33884.3,5056.5,6.7
20260828,002155.SZ,跳空放量涨幅,28.92,7.03,1872940.0,141981.0,13.19
20260828,603100.SH,跳空放量涨幅,19.05,6.96,166163.0,31995.2,5.19
20260828,601360.SH,跳空放量涨幅,9.3,6.65,2354720.0,743027.0,3.17
20260828,301330.SZ,跳空放量涨幅,25.56,6.59,99963.4,15867.4,6.3
20260828,301309.SZ,跳空放量涨幅,30.84,6.16,38106.0,9709.57,3.92
20260828,920247.BJ,跳空放量涨幅,14.78,6.03,52774.6,10738.5,4.91
